evaluation,fold,row_index,Ref,actual_class,predicted_class,correct
uncorrected,1,11,https://onlinelibrary.wiley.com/doi/epdf/10.1002/cbdv.202400724,strong,weak,False
uncorrected,1,12,https://onlinelibrary.wiley.com/doi/epdf/10.1002/cbdv.202400724,moderate,weak,False
uncorrected,1,13,https://onlinelibrary.wiley.com/doi/epdf/10.1002/cbdv.202400724,moderate,weak,False
uncorrected,1,14,https://onlinelibrary.wiley.com/doi/epdf/10.1002/cbdv.202400724,strong,strong,True
uncorrected,1,15,https://onlinelibrary.wiley.com/doi/epdf/10.1002/cbdv.202400724,strong,weak,False
uncorrected,1,16,https://onlinelibrary.wiley.com/doi/epdf/10.1002/cbdv.202400724,strong,weak,False
uncorrected,1,17,https://onlinelibrary.wiley.com/doi/epdf/10.1002/cbdv.202400724,moderate,weak,False
uncorrected,1,18,https://onlinelibrary.wiley.com/doi/epdf/10.1002/cbdv.202400724,moderate,weak,False
uncorrected,1,19,https://onlinelibrary.wiley.com/doi/epdf/10.1002/cbdv.202400724,strong,weak,False
uncorrected,1,20,https://onlinelibrary.wiley.com/doi/epdf/10.1002/cbdv.202400724,moderate,weak,False
uncorrected,1,21,https://onlinelibrary.wiley.com/doi/epdf/10.1002/cbdv.202400724,strong,weak,False
uncorrected,1,22,https://onlinelibrary.wiley.com/doi/epdf/10.1002/cbdv.202400724,strong,weak,False
uncorrected,1,23,https://onlinelibrary.wiley.com/doi/epdf/10.1002/cbdv.202400724,strong,weak,False
uncorrected,1,24,https://onlinelibrary.wiley.com/doi/epdf/10.1002/cbdv.202400724,moderate,moderate,True
uncorrected,1,25,https://onlinelibrary.wiley.com/doi/epdf/10.1002/cbdv.202400724,strong,weak,False
uncorrected,1,26,https://onlinelibrary.wiley.com/doi/epdf/10.1002/cbdv.202400724,moderate,weak,False
uncorrected,1,27,https://onlinelibrary.wiley.com/doi/epdf/10.1002/cbdv.202400724,moderate,weak,False
uncorrected,1,28,https://onlinelibrary.wiley.com/doi/epdf/10.1002/cbdv.202400724,strong,weak,False
uncorrected,1,50,10.1088/1748-605X/acd03f,weak,moderate,False
uncorrected,1,51,10.1088/1748-605X/acd03f,weak,moderate,False
uncorrected,1,52,10.1088/1748-605X/acd03f,weak,weak,True
uncorrected,1,53,10.1088/1748-605X/acd03f,weak,weak,True
uncorrected,1,54,10.1088/1748-605X/acd03f,weak,moderate,False
uncorrected,1,55,10.1088/1748-605X/acd03f,weak,weak,True
uncorrected,1,56,10.1088/1748-605X/acd03f,weak,weak,True
uncorrected,1,57,10.1088/1748-605X/acd03f,weak,weak,True
uncorrected,1,64,https://doi.org/10.1016/j.jrras.2015.10.002,weak,weak,True
uncorrected,1,65,https://doi.org/10.1016/j.jrras.2015.10.002,weak,weak,True
uncorrected,1,66,https://doi.org/10.1515/ntrev-2016-0064,moderate,weak,False
uncorrected,1,67,https://doi.org/10.1515/ntrev-2016-0064,weak,weak,True
uncorrected,1,84,10.1038/s41598-020-73497-z,weak,weak,True
uncorrected,1,85,10.1038/s41598-020-73497-z,weak,strong,False
uncorrected,1,114,https://doi.org/10.1016/j.heliyon.2023.e15265,strong,strong,True
uncorrected,1,115,https://doi.org/10.1016/j.heliyon.2023.e15265,strong,strong,True
uncorrected,1,116,https://doi.org/10.1016/j.heliyon.2023.e15265,strong,moderate,False
uncorrected,1,117,https://doi.org/10.1016/j.heliyon.2023.e15265,strong,moderate,False
uncorrected,1,118,10.1007/s12010-022-04120-2,strong,weak,False
uncorrected,1,119,10.1007/s12010-022-04120-2,strong,strong,True
uncorrected,1,120,10.1007/s12010-022-04120-2,moderate,weak,False
uncorrected,1,121,10.1007/s12010-022-04120-2,moderate,strong,False
uncorrected,1,129,10.1016/j.jtumed.2022.10.006,moderate,strong,False
uncorrected,1,190,10.1186/s12866-023-02971-1,moderate,weak,False
uncorrected,1,191,10.1186/s12866-023-02971-1,moderate,weak,False
uncorrected,1,192,10.1186/s12866-023-02971-1,weak,weak,True
uncorrected,1,193,10.1186/s12866-023-02971-1,weak,weak,True
uncorrected,1,194,10.1186/s12866-023-02971-1,weak,weak,True
uncorrected,1,195,10.1186/s12866-023-02971-1,weak,weak,True
uncorrected,1,251,10.1590/0103-6440202003897,strong,moderate,False
uncorrected,1,252,10.1590/0103-6440202003897,strong,moderate,False
uncorrected,1,253,10.1590/0103-6440202003897,strong,moderate,False
uncorrected,1,254,10.1590/0103-6440202003897,strong,strong,True
uncorrected,1,255,10.1590/0103-6440202003897,moderate,moderate,True
uncorrected,1,256,10.1590/0103-6440202003897,strong,moderate,False
uncorrected,1,257,10.1590/0103-6440202003897,strong,moderate,False
uncorrected,1,258,10.1590/0103-6440202003897,strong,moderate,False
uncorrected,1,259,10.1590/0103-6440202003897,strong,strong,True
uncorrected,1,260,10.1590/0103-6440202003897,moderate,moderate,True
uncorrected,1,269,https://doi.org/10.3390/molecules29133027,strong,moderate,False
uncorrected,1,270,https://doi.org/10.3390/molecules29133027,strong,strong,True
uncorrected,1,271,https://doi.org/10.3390/molecules29133027,strong,moderate,False
uncorrected,1,272,https://doi.org/10.3390/molecules29133027,strong,strong,True
uncorrected,1,305,10.1007/s11274-019-2787-6,moderate,weak,False
uncorrected,1,306,10.1007/s11274-019-2787-6,moderate,weak,False
uncorrected,1,307,10.1007/s11274-019-2787-6,weak,moderate,False
uncorrected,1,323,https://doi.org/10.1007/s11274-017-2406-3,moderate,moderate,True
uncorrected,1,324,https://doi.org/10.1007/s11274-017-2406-3,weak,moderate,False
uncorrected,1,325,https://doi.org/10.1007/s11274-017-2406-3,moderate,moderate,True
uncorrected,1,326,https://doi.org/10.1007/s11274-017-2406-3,weak,moderate,False
uncorrected,1,327,https://doi.org/10.1007/s11274-017-2406-3,moderate,strong,False
standardized,1,11,https://onlinelibrary.wiley.com/doi/epdf/10.1002/cbdv.202400724,strong,moderate,False
standardized,1,12,https://onlinelibrary.wiley.com/doi/epdf/10.1002/cbdv.202400724,moderate,moderate,True
standardized,1,13,https://onlinelibrary.wiley.com/doi/epdf/10.1002/cbdv.202400724,moderate,moderate,True
standardized,1,14,https://onlinelibrary.wiley.com/doi/epdf/10.1002/cbdv.202400724,strong,moderate,False
standardized,1,15,https://onlinelibrary.wiley.com/doi/epdf/10.1002/cbdv.202400724,strong,moderate,False
standardized,1,16,https://onlinelibrary.wiley.com/doi/epdf/10.1002/cbdv.202400724,strong,weak,False
standardized,1,17,https://onlinelibrary.wiley.com/doi/epdf/10.1002/cbdv.202400724,moderate,moderate,True
standardized,1,18,https://onlinelibrary.wiley.com/doi/epdf/10.1002/cbdv.202400724,moderate,moderate,True
standardized,1,19,https://onlinelibrary.wiley.com/doi/epdf/10.1002/cbdv.202400724,strong,moderate,False
standardized,1,20,https://onlinelibrary.wiley.com/doi/epdf/10.1002/cbdv.202400724,moderate,moderate,True
standardized,1,21,https://onlinelibrary.wiley.com/doi/epdf/10.1002/cbdv.202400724,strong,weak,False
standardized,1,22,https://onlinelibrary.wiley.com/doi/epdf/10.1002/cbdv.202400724,strong,moderate,False
standardized,1,23,https://onlinelibrary.wiley.com/doi/epdf/10.1002/cbdv.202400724,strong,weak,False
standardized,1,24,https://onlinelibrary.wiley.com/doi/epdf/10.1002/cbdv.202400724,moderate,moderate,True
standardized,1,25,https://onlinelibrary.wiley.com/doi/epdf/10.1002/cbdv.202400724,strong,weak,False
standardized,1,26,https://onlinelibrary.wiley.com/doi/epdf/10.1002/cbdv.202400724,moderate,moderate,True
standardized,1,27,https://onlinelibrary.wiley.com/doi/epdf/10.1002/cbdv.202400724,moderate,weak,False
standardized,1,28,https://onlinelibrary.wiley.com/doi/epdf/10.1002/cbdv.202400724,strong,moderate,False
standardized,1,50,10.1088/1748-605X/acd03f,weak,weak,True
standardized,1,51,10.1088/1748-605X/acd03f,weak,weak,True
standardized,1,52,10.1088/1748-605X/acd03f,weak,weak,True
standardized,1,53,10.1088/1748-605X/acd03f,weak,weak,True
standardized,1,54,10.1088/1748-605X/acd03f,weak,weak,True
standardized,1,55,10.1088/1748-605X/acd03f,weak,weak,True
standardized,1,56,10.1088/1748-605X/acd03f,weak,weak,True
standardized,1,57,10.1088/1748-605X/acd03f,weak,weak,True
standardized,1,64,https://doi.org/10.1016/j.jrras.2015.10.002,weak,moderate,False
standardized,1,65,https://doi.org/10.1016/j.jrras.2015.10.002,weak,moderate,False
standardized,1,66,https://doi.org/10.1515/ntrev-2016-0064,moderate,moderate,True
standardized,1,67,https://doi.org/10.1515/ntrev-2016-0064,weak,moderate,False
standardized,1,84,10.1038/s41598-020-73497-z,weak,weak,True
standardized,1,85,10.1038/s41598-020-73497-z,weak,moderate,False
standardized,1,114,https://doi.org/10.1016/j.heliyon.2023.e15265,strong,moderate,False
standardized,1,115,https://doi.org/10.1016/j.heliyon.2023.e15265,strong,moderate,False
standardized,1,116,https://doi.org/10.1016/j.heliyon.2023.e15265,strong,weak,False
standardized,1,117,https://doi.org/10.1016/j.heliyon.2023.e15265,strong,weak,False
standardized,1,118,10.1007/s12010-022-04120-2,strong,moderate,False
standardized,1,119,10.1007/s12010-022-04120-2,strong,moderate,False
standardized,1,120,10.1007/s12010-022-04120-2,moderate,moderate,True
standardized,1,121,10.1007/s12010-022-04120-2,moderate,moderate,True
standardized,1,129,10.1016/j.jtumed.2022.10.006,moderate,moderate,True
standardized,1,190,10.1186/s12866-023-02971-1,moderate,weak,False
standardized,1,191,10.1186/s12866-023-02971-1,moderate,weak,False
standardized,1,192,10.1186/s12866-023-02971-1,weak,moderate,False
standardized,1,193,10.1186/s12866-023-02971-1,weak,moderate,False
standardized,1,194,10.1186/s12866-023-02971-1,weak,moderate,False
standardized,1,195,10.1186/s12866-023-02971-1,weak,moderate,False
standardized,1,251,10.1590/0103-6440202003897,strong,weak,False
standardized,1,252,10.1590/0103-6440202003897,strong,weak,False
standardized,1,253,10.1590/0103-6440202003897,strong,weak,False
standardized,1,254,10.1590/0103-6440202003897,strong,weak,False
standardized,1,255,10.1590/0103-6440202003897,moderate,weak,False
standardized,1,256,10.1590/0103-6440202003897,strong,weak,False
standardized,1,257,10.1590/0103-6440202003897,strong,weak,False
standardized,1,258,10.1590/0103-6440202003897,strong,weak,False
standardized,1,259,10.1590/0103-6440202003897,strong,weak,False
standardized,1,260,10.1590/0103-6440202003897,moderate,weak,False
standardized,1,269,https://doi.org/10.3390/molecules29133027,strong,weak,False
standardized,1,270,https://doi.org/10.3390/molecules29133027,strong,weak,False
standardized,1,271,https://doi.org/10.3390/molecules29133027,strong,weak,False
standardized,1,272,https://doi.org/10.3390/molecules29133027,strong,weak,False
standardized,1,305,10.1007/s11274-019-2787-6,moderate,weak,False
standardized,1,306,10.1007/s11274-019-2787-6,moderate,weak,False
standardized,1,307,10.1007/s11274-019-2787-6,weak,weak,True
standardized,1,323,https://doi.org/10.1007/s11274-017-2406-3,moderate,strong,False
standardized,1,324,https://doi.org/10.1007/s11274-017-2406-3,weak,weak,True
standardized,1,325,https://doi.org/10.1007/s11274-017-2406-3,moderate,strong,False
standardized,1,326,https://doi.org/10.1007/s11274-017-2406-3,weak,moderate,False
standardized,1,327,https://doi.org/10.1007/s11274-017-2406-3,moderate,strong,False
coral,1,11,https://onlinelibrary.wiley.com/doi/epdf/10.1002/cbdv.202400724,strong,weak,False
coral,1,12,https://onlinelibrary.wiley.com/doi/epdf/10.1002/cbdv.202400724,moderate,weak,False
coral,1,13,https://onlinelibrary.wiley.com/doi/epdf/10.1002/cbdv.202400724,moderate,weak,False
coral,1,14,https://onlinelibrary.wiley.com/doi/epdf/10.1002/cbdv.202400724,strong,weak,False
coral,1,15,https://onlinelibrary.wiley.com/doi/epdf/10.1002/cbdv.202400724,strong,weak,False
coral,1,16,https://onlinelibrary.wiley.com/doi/epdf/10.1002/cbdv.202400724,strong,weak,False
coral,1,17,https://onlinelibrary.wiley.com/doi/epdf/10.1002/cbdv.202400724,moderate,weak,False
coral,1,18,https://onlinelibrary.wiley.com/doi/epdf/10.1002/cbdv.202400724,moderate,weak,False
coral,1,19,https://onlinelibrary.wiley.com/doi/epdf/10.1002/cbdv.202400724,strong,weak,False
coral,1,20,https://onlinelibrary.wiley.com/doi/epdf/10.1002/cbdv.202400724,moderate,weak,False
coral,1,21,https://onlinelibrary.wiley.com/doi/epdf/10.1002/cbdv.202400724,strong,weak,False
coral,1,22,https://onlinelibrary.wiley.com/doi/epdf/10.1002/cbdv.202400724,strong,weak,False
coral,1,23,https://onlinelibrary.wiley.com/doi/epdf/10.1002/cbdv.202400724,strong,weak,False
coral,1,24,https://onlinelibrary.wiley.com/doi/epdf/10.1002/cbdv.202400724,moderate,weak,False
coral,1,25,https://onlinelibrary.wiley.com/doi/epdf/10.1002/cbdv.202400724,strong,weak,False
coral,1,26,https://onlinelibrary.wiley.com/doi/epdf/10.1002/cbdv.202400724,moderate,weak,False
coral,1,27,https://onlinelibrary.wiley.com/doi/epdf/10.1002/cbdv.202400724,moderate,weak,False
coral,1,28,https://onlinelibrary.wiley.com/doi/epdf/10.1002/cbdv.202400724,strong,weak,False
coral,1,50,10.1088/1748-605X/acd03f,weak,weak,True
coral,1,51,10.1088/1748-605X/acd03f,weak,moderate,False
coral,1,52,10.1088/1748-605X/acd03f,weak,weak,True
coral,1,53,10.1088/1748-605X/acd03f,weak,weak,True
coral,1,54,10.1088/1748-605X/acd03f,weak,weak,True
coral,1,55,10.1088/1748-605X/acd03f,weak,weak,True
coral,1,56,10.1088/1748-605X/acd03f,weak,weak,True
coral,1,57,10.1088/1748-605X/acd03f,weak,weak,True
coral,1,64,https://doi.org/10.1016/j.jrras.2015.10.002,weak,strong,False
coral,1,65,https://doi.org/10.1016/j.jrras.2015.10.002,weak,moderate,False
coral,1,66,https://doi.org/10.1515/ntrev-2016-0064,moderate,weak,False
coral,1,67,https://doi.org/10.1515/ntrev-2016-0064,weak,weak,True
coral,1,84,10.1038/s41598-020-73497-z,weak,weak,True
coral,1,85,10.1038/s41598-020-73497-z,weak,weak,True
coral,1,114,https://doi.org/10.1016/j.heliyon.2023.e15265,strong,weak,False
coral,1,115,https://doi.org/10.1016/j.heliyon.2023.e15265,strong,strong,True
coral,1,116,https://doi.org/10.1016/j.heliyon.2023.e15265,strong,weak,False
coral,1,117,https://doi.org/10.1016/j.heliyon.2023.e15265,strong,weak,False
coral,1,118,10.1007/s12010-022-04120-2,strong,weak,False
coral,1,119,10.1007/s12010-022-04120-2,strong,weak,False
coral,1,120,10.1007/s12010-022-04120-2,moderate,weak,False
coral,1,121,10.1007/s12010-022-04120-2,moderate,weak,False
coral,1,129,10.1016/j.jtumed.2022.10.006,moderate,strong,False
coral,1,190,10.1186/s12866-023-02971-1,moderate,strong,False
coral,1,191,10.1186/s12866-023-02971-1,moderate,strong,False
coral,1,192,10.1186/s12866-023-02971-1,weak,weak,True
coral,1,193,10.1186/s12866-023-02971-1,weak,weak,True
coral,1,194,10.1186/s12866-023-02971-1,weak,weak,True
coral,1,195,10.1186/s12866-023-02971-1,weak,weak,True
coral,1,251,10.1590/0103-6440202003897,strong,moderate,False
coral,1,252,10.1590/0103-6440202003897,strong,weak,False
coral,1,253,10.1590/0103-6440202003897,strong,weak,False
coral,1,254,10.1590/0103-6440202003897,strong,weak,False
coral,1,255,10.1590/0103-6440202003897,moderate,weak,False
coral,1,256,10.1590/0103-6440202003897,strong,moderate,False
coral,1,257,10.1590/0103-6440202003897,strong,moderate,False
coral,1,258,10.1590/0103-6440202003897,strong,moderate,False
coral,1,259,10.1590/0103-6440202003897,strong,moderate,False
coral,1,260,10.1590/0103-6440202003897,moderate,moderate,True
coral,1,269,https://doi.org/10.3390/molecules29133027,strong,weak,False
coral,1,270,https://doi.org/10.3390/molecules29133027,strong,weak,False
coral,1,271,https://doi.org/10.3390/molecules29133027,strong,weak,False
coral,1,272,https://doi.org/10.3390/molecules29133027,strong,weak,False
coral,1,305,10.1007/s11274-019-2787-6,moderate,weak,False
coral,1,306,10.1007/s11274-019-2787-6,moderate,weak,False
coral,1,307,10.1007/s11274-019-2787-6,weak,weak,True
coral,1,323,https://doi.org/10.1007/s11274-017-2406-3,moderate,moderate,True
coral,1,324,https://doi.org/10.1007/s11274-017-2406-3,weak,weak,True
coral,1,325,https://doi.org/10.1007/s11274-017-2406-3,moderate,weak,False
coral,1,326,https://doi.org/10.1007/s11274-017-2406-3,weak,weak,True
coral,1,327,https://doi.org/10.1007/s11274-017-2406-3,moderate,weak,False
uncorrected,2,0,https://doi.org/10.1016/j.saa.2012.12.083,moderate,weak,False
uncorrected,2,1,https://doi.org/10.1016/j.saa.2012.12.083,moderate,weak,False
uncorrected,2,2,https://doi.org/10.1016/j.saa.2012.12.083,moderate,weak,False
uncorrected,2,3,https://doi.org/10.1016/j.saa.2012.12.083,strong,weak,False
uncorrected,2,4,https://doi.org/10.1016/j.saa.2012.12.083,strong,weak,False
uncorrected,2,5,https://doi.org/10.1016/j.saa.2012.12.083,moderate,weak,False
uncorrected,2,29,https://doi.org/10.1002/jbm.b.35197,weak,strong,False
uncorrected,2,30,https://doi.org/10.1002/jbm.b.35197,weak,moderate,False
uncorrected,2,31,https://doi.org/10.1002/jbm.b.35197,weak,moderate,False
uncorrected,2,32,https://doi.org/10.1002/jbm.b.35197,weak,strong,False
uncorrected,2,33,https://doi.org/10.1002/jbm.b.35197,weak,strong,False
uncorrected,2,34,https://doi.org/10.1002/jbm.b.35197,weak,moderate,False
uncorrected,2,35,https://doi.org/10.1002/jbm.b.35197,weak,strong,False
uncorrected,2,36,https://doi.org/10.1002/jbm.b.35197,weak,strong,False
uncorrected,2,37,https://doi.org/10.1002/jbm.b.35197,weak,strong,False
uncorrected,2,38,https://doi.org/10.1002/jbm.b.35197,weak,moderate,False
uncorrected,2,39,https://doi.org/10.1002/jbm.b.35197,weak,moderate,False
uncorrected,2,40,https://doi.org/10.1002/jbm.b.35197,weak,moderate,False
uncorrected,2,41,https://doi.org/10.1002/jbm.b.35197,weak,moderate,False
uncorrected,2,42,https://doi.org/10.1002/jbm.b.35197,weak,moderate,False
uncorrected,2,43,https://doi.org/10.1002/jbm.b.35197,weak,moderate,False
uncorrected,2,44,https://doi.org/10.1002/jbm.b.35197,weak,moderate,False
uncorrected,2,45,https://pubs.acs.org/doi/10.1021/acsabm.3c00090,strong,moderate,False
uncorrected,2,46,https://pubs.acs.org/doi/10.1021/acsabm.3c00090,strong,moderate,False
uncorrected,2,47,https://pubs.acs.org/doi/10.1021/acsabm.3c00090,strong,moderate,False
uncorrected,2,48,https://pubs.acs.org/doi/10.1021/acsabm.3c00090,strong,moderate,False
uncorrected,2,49,https://pubs.acs.org/doi/10.1021/acsabm.3c00090,strong,moderate,False
uncorrected,2,86,10.1007/s42770-022-00868-1,moderate,strong,False
uncorrected,2,87,10.1007/s42770-022-00868-1,moderate,weak,False
uncorrected,2,88,10.1007/s42770-022-00868-1,moderate,moderate,True
uncorrected,2,89,10.1007/s42770-022-00868-1,strong,weak,False
uncorrected,2,90,10.1007/s42770-022-00868-1,strong,moderate,False
uncorrected,2,91,10.1007/s42770-022-00868-1,strong,weak,False
uncorrected,2,92,10.1007/s42770-022-00868-1,strong,moderate,False
uncorrected,2,93,10.1007/s42770-022-00868-1,strong,moderate,False
uncorrected,2,94,10.1007/s42770-022-00868-1,strong,weak,False
uncorrected,2,95,10.1007/s42770-022-00868-1,moderate,moderate,True
uncorrected,2,96,10.1007/s42770-022-00868-1,weak,weak,True
uncorrected,2,111,https://doi.org/10.3390/antibiotics12020201,moderate,moderate,True
uncorrected,2,112,https://doi.org/10.3390/antibiotics12020201,moderate,weak,False
uncorrected,2,113,https://doi.org/10.3390/antibiotics12020201,moderate,weak,False
uncorrected,2,122,10.1007/s00203-023-03497-w,strong,moderate,False
uncorrected,2,123,10.1007/s00203-023-03497-w,strong,moderate,False
uncorrected,2,124,10.1007/s00203-023-03497-w,moderate,moderate,True
uncorrected,2,163,10.1016/j.micpath.2017.07.009,moderate,weak,False
uncorrected,2,164,10.1016/j.micpath.2017.07.009,moderate,weak,False
uncorrected,2,196,10.3390/plants12112177,strong,moderate,False
uncorrected,2,197,10.3390/plants12112177,moderate,moderate,True
uncorrected,2,198,10.3390/plants12112177,strong,moderate,False
uncorrected,2,199,10.3390/plants12112177,moderate,moderate,True
uncorrected,2,200,10.3390/plants12112177,moderate,moderate,True
uncorrected,2,229,http://dx.doi.org/10.1016/j.colsurfb.2015.02.009,strong,moderate,False
uncorrected,2,230,http://dx.doi.org/10.1016/j.colsurfb.2015.02.009,strong,moderate,False
uncorrected,2,261,https://doi.org/10.1038/s41598-018-34567-5,weak,strong,False
uncorrected,2,262,https://doi.org/10.1038/s41598-018-34567-5,weak,moderate,False
uncorrected,2,263,https://doi.org/10.1038/s41598-018-34567-5,weak,strong,False
uncorrected,2,264,https://doi.org/10.1038/s41598-018-34567-5,weak,strong,False
uncorrected,2,265,https://doi.org/10.1038/s41598-018-34567-5,weak,strong,False
uncorrected,2,266,https://doi.org/10.1038/s41598-018-34567-5,weak,strong,False
uncorrected,2,267,https://doi.org/10.1038/s41598-018-34567-5,weak,strong,False
uncorrected,2,268,https://doi.org/10.1038/s41598-018-34567-5,weak,strong,False
uncorrected,2,289,http://dx.doi.org/10.1016/j.ijantimicag.2015.03.014,strong,moderate,False
uncorrected,2,290,http://dx.doi.org/10.1016/j.ijantimicag.2015.03.014,strong,moderate,False
uncorrected,2,291,http://dx.doi.org/10.1016/j.ijantimicag.2015.03.014,strong,moderate,False
uncorrected,2,292,http://dx.doi.org/10.1016/j.ijantimicag.2015.03.014,strong,moderate,False
uncorrected,2,304,10.1016/j.jdent.2020.103327,moderate,moderate,True
uncorrected,2,320,https://doi.org/10.1016/j.talanta.2019.120243,weak,moderate,False
uncorrected,2,321,https://doi.org/10.1016/j.talanta.2019.120243,weak,moderate,False
uncorrected,2,322,https://doi.org/10.1016/j.talanta.2019.120243,weak,moderate,False
standardized,2,0,https://doi.org/10.1016/j.saa.2012.12.083,moderate,moderate,True
standardized,2,1,https://doi.org/10.1016/j.saa.2012.12.083,moderate,moderate,True
standardized,2,2,https://doi.org/10.1016/j.saa.2012.12.083,moderate,weak,False
standardized,2,3,https://doi.org/10.1016/j.saa.2012.12.083,strong,weak,False
standardized,2,4,https://doi.org/10.1016/j.saa.2012.12.083,strong,moderate,False
standardized,2,5,https://doi.org/10.1016/j.saa.2012.12.083,moderate,strong,False
standardized,2,29,https://doi.org/10.1002/jbm.b.35197,weak,moderate,False
standardized,2,30,https://doi.org/10.1002/jbm.b.35197,weak,moderate,False
standardized,2,31,https://doi.org/10.1002/jbm.b.35197,weak,moderate,False
standardized,2,32,https://doi.org/10.1002/jbm.b.35197,weak,moderate,False
standardized,2,33,https://doi.org/10.1002/jbm.b.35197,weak,moderate,False
standardized,2,34,https://doi.org/10.1002/jbm.b.35197,weak,moderate,False
standardized,2,35,https://doi.org/10.1002/jbm.b.35197,weak,moderate,False
standardized,2,36,https://doi.org/10.1002/jbm.b.35197,weak,strong,False
standardized,2,37,https://doi.org/10.1002/jbm.b.35197,weak,moderate,False
standardized,2,38,https://doi.org/10.1002/jbm.b.35197,weak,moderate,False
standardized,2,39,https://doi.org/10.1002/jbm.b.35197,weak,moderate,False
standardized,2,40,https://doi.org/10.1002/jbm.b.35197,weak,moderate,False
standardized,2,41,https://doi.org/10.1002/jbm.b.35197,weak,moderate,False
standardized,2,42,https://doi.org/10.1002/jbm.b.35197,weak,weak,True
standardized,2,43,https://doi.org/10.1002/jbm.b.35197,weak,weak,True
standardized,2,44,https://doi.org/10.1002/jbm.b.35197,weak,moderate,False
standardized,2,45,https://pubs.acs.org/doi/10.1021/acsabm.3c00090,strong,moderate,False
standardized,2,46,https://pubs.acs.org/doi/10.1021/acsabm.3c00090,strong,weak,False
standardized,2,47,https://pubs.acs.org/doi/10.1021/acsabm.3c00090,strong,weak,False
standardized,2,48,https://pubs.acs.org/doi/10.1021/acsabm.3c00090,strong,weak,False
standardized,2,49,https://pubs.acs.org/doi/10.1021/acsabm.3c00090,strong,moderate,False
standardized,2,86,10.1007/s42770-022-00868-1,moderate,strong,False
standardized,2,87,10.1007/s42770-022-00868-1,moderate,strong,False
standardized,2,88,10.1007/s42770-022-00868-1,moderate,strong,False
standardized,2,89,10.1007/s42770-022-00868-1,strong,moderate,False
standardized,2,90,10.1007/s42770-022-00868-1,strong,weak,False
standardized,2,91,10.1007/s42770-022-00868-1,strong,strong,True
standardized,2,92,10.1007/s42770-022-00868-1,strong,moderate,False
standardized,2,93,10.1007/s42770-022-00868-1,strong,weak,False
standardized,2,94,10.1007/s42770-022-00868-1,strong,strong,True
standardized,2,95,10.1007/s42770-022-00868-1,moderate,moderate,True
standardized,2,96,10.1007/s42770-022-00868-1,weak,strong,False
standardized,2,111,https://doi.org/10.3390/antibiotics12020201,moderate,strong,False
standardized,2,112,https://doi.org/10.3390/antibiotics12020201,moderate,weak,False
standardized,2,113,https://doi.org/10.3390/antibiotics12020201,moderate,weak,False
standardized,2,122,10.1007/s00203-023-03497-w,strong,weak,False
standardized,2,123,10.1007/s00203-023-03497-w,strong,strong,True
standardized,2,124,10.1007/s00203-023-03497-w,moderate,weak,False
standardized,2,163,10.1016/j.micpath.2017.07.009,moderate,moderate,True
standardized,2,164,10.1016/j.micpath.2017.07.009,moderate,weak,False
standardized,2,196,10.3390/plants12112177,strong,moderate,False
standardized,2,197,10.3390/plants12112177,moderate,weak,False
standardized,2,198,10.3390/plants12112177,strong,moderate,False
standardized,2,199,10.3390/plants12112177,moderate,moderate,True
standardized,2,200,10.3390/plants12112177,moderate,weak,False
standardized,2,229,http://dx.doi.org/10.1016/j.colsurfb.2015.02.009,strong,moderate,False
standardized,2,230,http://dx.doi.org/10.1016/j.colsurfb.2015.02.009,strong,moderate,False
standardized,2,261,https://doi.org/10.1038/s41598-018-34567-5,weak,strong,False
standardized,2,262,https://doi.org/10.1038/s41598-018-34567-5,weak,weak,True
standardized,2,263,https://doi.org/10.1038/s41598-018-34567-5,weak,strong,False
standardized,2,264,https://doi.org/10.1038/s41598-018-34567-5,weak,strong,False
standardized,2,265,https://doi.org/10.1038/s41598-018-34567-5,weak,strong,False
standardized,2,266,https://doi.org/10.1038/s41598-018-34567-5,weak,weak,True
standardized,2,267,https://doi.org/10.1038/s41598-018-34567-5,weak,weak,True
standardized,2,268,https://doi.org/10.1038/s41598-018-34567-5,weak,weak,True
standardized,2,289,http://dx.doi.org/10.1016/j.ijantimicag.2015.03.014,strong,weak,False
standardized,2,290,http://dx.doi.org/10.1016/j.ijantimicag.2015.03.014,strong,weak,False
standardized,2,291,http://dx.doi.org/10.1016/j.ijantimicag.2015.03.014,strong,weak,False
standardized,2,292,http://dx.doi.org/10.1016/j.ijantimicag.2015.03.014,strong,weak,False
standardized,2,304,10.1016/j.jdent.2020.103327,moderate,moderate,True
standardized,2,320,https://doi.org/10.1016/j.talanta.2019.120243,weak,strong,False
standardized,2,321,https://doi.org/10.1016/j.talanta.2019.120243,weak,moderate,False
standardized,2,322,https://doi.org/10.1016/j.talanta.2019.120243,weak,moderate,False
coral,2,0,https://doi.org/10.1016/j.saa.2012.12.083,moderate,weak,False
coral,2,1,https://doi.org/10.1016/j.saa.2012.12.083,moderate,strong,False
coral,2,2,https://doi.org/10.1016/j.saa.2012.12.083,moderate,weak,False
coral,2,3,https://doi.org/10.1016/j.saa.2012.12.083,strong,weak,False
coral,2,4,https://doi.org/10.1016/j.saa.2012.12.083,strong,strong,True
coral,2,5,https://doi.org/10.1016/j.saa.2012.12.083,moderate,strong,False
coral,2,29,https://doi.org/10.1002/jbm.b.35197,weak,strong,False
coral,2,30,https://doi.org/10.1002/jbm.b.35197,weak,moderate,False
coral,2,31,https://doi.org/10.1002/jbm.b.35197,weak,moderate,False
coral,2,32,https://doi.org/10.1002/jbm.b.35197,weak,moderate,False
coral,2,33,https://doi.org/10.1002/jbm.b.35197,weak,moderate,False
coral,2,34,https://doi.org/10.1002/jbm.b.35197,weak,moderate,False
coral,2,35,https://doi.org/10.1002/jbm.b.35197,weak,moderate,False
coral,2,36,https://doi.org/10.1002/jbm.b.35197,weak,moderate,False
coral,2,37,https://doi.org/10.1002/jbm.b.35197,weak,strong,False
coral,2,38,https://doi.org/10.1002/jbm.b.35197,weak,moderate,False
coral,2,39,https://doi.org/10.1002/jbm.b.35197,weak,moderate,False
coral,2,40,https://doi.org/10.1002/jbm.b.35197,weak,moderate,False
coral,2,41,https://doi.org/10.1002/jbm.b.35197,weak,moderate,False
coral,2,42,https://doi.org/10.1002/jbm.b.35197,weak,moderate,False
coral,2,43,https://doi.org/10.1002/jbm.b.35197,weak,moderate,False
coral,2,44,https://doi.org/10.1002/jbm.b.35197,weak,moderate,False
coral,2,45,https://pubs.acs.org/doi/10.1021/acsabm.3c00090,strong,moderate,False
coral,2,46,https://pubs.acs.org/doi/10.1021/acsabm.3c00090,strong,strong,True
coral,2,47,https://pubs.acs.org/doi/10.1021/acsabm.3c00090,strong,moderate,False
coral,2,48,https://pubs.acs.org/doi/10.1021/acsabm.3c00090,strong,moderate,False
coral,2,49,https://pubs.acs.org/doi/10.1021/acsabm.3c00090,strong,strong,True
coral,2,86,10.1007/s42770-022-00868-1,moderate,weak,False
coral,2,87,10.1007/s42770-022-00868-1,moderate,weak,False
coral,2,88,10.1007/s42770-022-00868-1,moderate,weak,False
coral,2,89,10.1007/s42770-022-00868-1,strong,weak,False
coral,2,90,10.1007/s42770-022-00868-1,strong,weak,False
coral,2,91,10.1007/s42770-022-00868-1,strong,weak,False
coral,2,92,10.1007/s42770-022-00868-1,strong,weak,False
coral,2,93,10.1007/s42770-022-00868-1,strong,weak,False
coral,2,94,10.1007/s42770-022-00868-1,strong,weak,False
coral,2,95,10.1007/s42770-022-00868-1,moderate,weak,False
coral,2,96,10.1007/s42770-022-00868-1,weak,weak,True
coral,2,111,https://doi.org/10.3390/antibiotics12020201,moderate,weak,False
coral,2,112,https://doi.org/10.3390/antibiotics12020201,moderate,weak,False
coral,2,113,https://doi.org/10.3390/antibiotics12020201,moderate,weak,False
coral,2,122,10.1007/s00203-023-03497-w,strong,weak,False
coral,2,123,10.1007/s00203-023-03497-w,strong,weak,False
coral,2,124,10.1007/s00203-023-03497-w,moderate,weak,False
coral,2,163,10.1016/j.micpath.2017.07.009,moderate,weak,False
coral,2,164,10.1016/j.micpath.2017.07.009,moderate,weak,False
coral,2,196,10.3390/plants12112177,strong,weak,False
coral,2,197,10.3390/plants12112177,moderate,weak,False
coral,2,198,10.3390/plants12112177,strong,weak,False
coral,2,199,10.3390/plants12112177,moderate,weak,False
coral,2,200,10.3390/plants12112177,moderate,weak,False
coral,2,229,http://dx.doi.org/10.1016/j.colsurfb.2015.02.009,strong,weak,False
coral,2,230,http://dx.doi.org/10.1016/j.colsurfb.2015.02.009,strong,weak,False
coral,2,261,https://doi.org/10.1038/s41598-018-34567-5,weak,strong,False
coral,2,262,https://doi.org/10.1038/s41598-018-34567-5,weak,strong,False
coral,2,263,https://doi.org/10.1038/s41598-018-34567-5,weak,strong,False
coral,2,264,https://doi.org/10.1038/s41598-018-34567-5,weak,strong,False
coral,2,265,https://doi.org/10.1038/s41598-018-34567-5,weak,strong,False
coral,2,266,https://doi.org/10.1038/s41598-018-34567-5,weak,strong,False
coral,2,267,https://doi.org/10.1038/s41598-018-34567-5,weak,strong,False
coral,2,268,https://doi.org/10.1038/s41598-018-34567-5,weak,strong,False
coral,2,289,http://dx.doi.org/10.1016/j.ijantimicag.2015.03.014,strong,weak,False
coral,2,290,http://dx.doi.org/10.1016/j.ijantimicag.2015.03.014,strong,weak,False
coral,2,291,http://dx.doi.org/10.1016/j.ijantimicag.2015.03.014,strong,weak,False
coral,2,292,http://dx.doi.org/10.1016/j.ijantimicag.2015.03.014,strong,weak,False
coral,2,304,10.1016/j.jdent.2020.103327,moderate,moderate,True
coral,2,320,https://doi.org/10.1016/j.talanta.2019.120243,weak,weak,True
coral,2,321,https://doi.org/10.1016/j.talanta.2019.120243,weak,weak,True
coral,2,322,https://doi.org/10.1016/j.talanta.2019.120243,weak,weak,True
uncorrected,3,132,Â 10.1021/acsinfecdis.4c00860,strong,moderate,False
uncorrected,3,133,Â 10.1021/acsinfecdis.4c00860,strong,moderate,False
uncorrected,3,134,Â 10.1021/acsinfecdis.4c00860,strong,weak,False
uncorrected,3,135,Â 10.1021/acsinfecdis.4c00860,strong,weak,False
uncorrected,3,165,10.1111/1751-7915.12374,weak,weak,True
uncorrected,3,166,10.1111/1751-7915.12374,weak,weak,True
uncorrected,3,167,10.1111/1751-7915.12374,weak,weak,True
uncorrected,3,168,10.1016/j.chemosphere.2021.132676,moderate,weak,False
uncorrected,3,169,10.1016/j.chemosphere.2021.132676,moderate,weak,False
uncorrected,3,170,10.1016/j.chemosphere.2021.132676,moderate,weak,False
uncorrected,3,171,10.1016/j.chemosphere.2021.132676,moderate,weak,False
uncorrected,3,172,10.1016/j.chemosphere.2021.132676,weak,weak,True
uncorrected,3,173,10.1016/j.chemosphere.2021.132676,weak,weak,True
uncorrected,3,174,10.1016/j.chemosphere.2021.132676,weak,weak,True
uncorrected,3,175,10.1016/j.chemosphere.2021.132676,weak,weak,True
uncorrected,3,176,10.1016/j.chemosphere.2021.132676,weak,moderate,False
uncorrected,3,177,10.1016/j.chemosphere.2021.132676,weak,moderate,False
uncorrected,3,178,10.1016/j.chemosphere.2021.132676,weak,moderate,False
uncorrected,3,179,10.1016/j.chemosphere.2021.132676,moderate,weak,False
uncorrected,3,180,10.1016/j.chemosphere.2021.132676,weak,moderate,False
uncorrected,3,181,10.1016/j.chemosphere.2021.132676,weak,weak,True
uncorrected,3,182,10.1016/j.chemosphere.2021.132676,weak,weak,True
uncorrected,3,183,10.1016/j.chemosphere.2021.132676,weak,weak,True
uncorrected,3,184,10.3390/jof9020133,moderate,weak,False
uncorrected,3,185,10.3390/jof9020133,moderate,weak,False
uncorrected,3,201,https://doi.org/10.3390/antiox13070865,moderate,strong,False
uncorrected,3,202,https://doi.org/10.3390/antiox13070865,moderate,strong,False
uncorrected,3,203,https://doi.org/10.3390/antiox13070865,moderate,strong,False
uncorrected,3,204,https://doi.org/10.3390/antiox13070865,weak,strong,False
uncorrected,3,205,https://doi.org/10.3390/antiox13070865,weak,strong,False
uncorrected,3,206,https://doi.org/10.3390/antiox13070865,weak,strong,False
uncorrected,3,207,https://doi.org/10.3390/antiox13070865,weak,strong,False
uncorrected,3,208,https://doi.org/10.3390/antiox13070865,weak,strong,False
uncorrected,3,231,DOI:10.1590/s1517-83822014000400024,moderate,strong,False
uncorrected,3,232,DOI:10.1590/s1517-83822014000400024,moderate,strong,False
uncorrected,3,233,DOI:10.1590/s1517-83822014000400024,moderate,moderate,True
uncorrected,3,234,DOI:10.1590/s1517-83822014000400024,moderate,moderate,True
uncorrected,3,235,https://doi.org/10.1186/s13568-024-01707-2,moderate,strong,False
uncorrected,3,236,https://doi.org/10.1186/s13568-024-01707-2,moderate,strong,False
uncorrected,3,237,https://doi.org/10.1186/s13568-024-01707-2,weak,strong,False
uncorrected,3,238,https://doi.org/10.1186/s13568-024-01707-2,weak,strong,False
uncorrected,3,239,https://doi.org/10.1186/s13568-024-01707-2,moderate,strong,False
uncorrected,3,240,https://doi.org/10.1186/s13568-024-01707-2,weak,strong,False
uncorrected,3,241,https://doi.org/10.1186/s13568-024-01707-2,moderate,strong,False
uncorrected,3,242,https://doi.org/10.1016/j.sjbs.2017.07.001,moderate,strong,False
uncorrected,3,243,https://doi.org/10.1016/j.sjbs.2017.07.001,weak,moderate,False
uncorrected,3,244,https://doi.org/10.1016/j.sjbs.2017.07.001,weak,moderate,False
uncorrected,3,245,https://doi.org/10.1016/j.sjbs.2017.07.001,weak,moderate,False
uncorrected,3,246,https://doi.org/10.1016/j.sjbs.2017.07.001,weak,moderate,False
uncorrected,3,285,Â 10.1016/j.jbiotec.2021.11.003,moderate,weak,False
uncorrected,3,286,Â 10.1016/j.jbiotec.2021.11.003,strong,weak,False
uncorrected,3,293,https://doi.org/10.1038/s41598-017-18590-6,weak,moderate,False
uncorrected,3,294,https://doi.org/10.1038/s41598-017-18590-6,weak,moderate,False
uncorrected,3,295,https://doi.org/10.1038/s41598-017-18590-6,weak,moderate,False
uncorrected,3,296,https://doi.org/10.1038/s41598-017-18590-6,weak,strong,False
uncorrected,3,297,https://doi.org/10.1038/s41598-017-18590-6,weak,moderate,False
uncorrected,3,298,https://doi.org/10.1038/s41598-017-18590-6,weak,moderate,False
uncorrected,3,299,https://doi.org/10.1038/s41598-017-18590-6,weak,moderate,False
uncorrected,3,300,https://doi.org/10.1038/s41598-017-18590-6,weak,strong,False
uncorrected,3,301,https://doi.org/10.1038/s41598-017-18590-6,weak,strong,False
uncorrected,3,302,https://doi.org/10.1038/s41598-017-18590-6,weak,moderate,False
uncorrected,3,303,https://doi.org/10.1111/jfd.14003,weak,strong,False
uncorrected,3,332,https://doi.org/10.1039/c8tx00267c,weak,weak,True
uncorrected,3,333,https://doi.org/10.1039/c8tx00267c,weak,weak,True
uncorrected,3,334,https://doi.org/10.1039/c8tx00267c,weak,weak,True
uncorrected,3,335,https://doi.org/10.1039/c8tx00267c,weak,weak,True
uncorrected,3,340,https://doi.org/10.1038/s41598-024-62868-5,strong,weak,False
uncorrected,3,341,https://doi.org/10.1038/s41598-024-62868-5,strong,weak,False
standardized,3,132,Â 10.1021/acsinfecdis.4c00860,strong,strong,True
standardized,3,133,Â 10.1021/acsinfecdis.4c00860,strong,strong,True
standardized,3,134,Â 10.1021/acsinfecdis.4c00860,strong,strong,True
standardized,3,135,Â 10.1021/acsinfecdis.4c00860,strong,strong,True
standardized,3,165,10.1111/1751-7915.12374,weak,moderate,False
standardized,3,166,10.1111/1751-7915.12374,weak,moderate,False
standardized,3,167,10.1111/1751-7915.12374,weak,weak,True
standardized,3,168,10.1016/j.chemosphere.2021.132676,moderate,moderate,True
standardized,3,169,10.1016/j.chemosphere.2021.132676,moderate,moderate,True
standardized,3,170,10.1016/j.chemosphere.2021.132676,moderate,moderate,True
standardized,3,171,10.1016/j.chemosphere.2021.132676,moderate,moderate,True
standardized,3,172,10.1016/j.chemosphere.2021.132676,weak,weak,True
standardized,3,173,10.1016/j.chemosphere.2021.132676,weak,weak,True
standardized,3,174,10.1016/j.chemosphere.2021.132676,weak,weak,True
standardized,3,175,10.1016/j.chemosphere.2021.132676,weak,weak,True
standardized,3,176,10.1016/j.chemosphere.2021.132676,weak,weak,True
standardized,3,177,10.1016/j.chemosphere.2021.132676,weak,weak,True
standardized,3,178,10.1016/j.chemosphere.2021.132676,weak,weak,True
standardized,3,179,10.1016/j.chemosphere.2021.132676,moderate,weak,False
standardized,3,180,10.1016/j.chemosphere.2021.132676,weak,moderate,False
standardized,3,181,10.1016/j.chemosphere.2021.132676,weak,weak,True
standardized,3,182,10.1016/j.chemosphere.2021.132676,weak,weak,True
standardized,3,183,10.1016/j.chemosphere.2021.132676,weak,weak,True
standardized,3,184,10.3390/jof9020133,moderate,moderate,True
standardized,3,185,10.3390/jof9020133,moderate,moderate,True
standardized,3,201,https://doi.org/10.3390/antiox13070865,moderate,strong,False
standardized,3,202,https://doi.org/10.3390/antiox13070865,moderate,strong,False
standardized,3,203,https://doi.org/10.3390/antiox13070865,moderate,strong,False
standardized,3,204,https://doi.org/10.3390/antiox13070865,weak,strong,False
standardized,3,205,https://doi.org/10.3390/antiox13070865,weak,strong,False
standardized,3,206,https://doi.org/10.3390/antiox13070865,weak,weak,True
standardized,3,207,https://doi.org/10.3390/antiox13070865,weak,strong,False
standardized,3,208,https://doi.org/10.3390/antiox13070865,weak,strong,False
standardized,3,231,DOI:10.1590/s1517-83822014000400024,moderate,strong,False
standardized,3,232,DOI:10.1590/s1517-83822014000400024,moderate,moderate,True
standardized,3,233,DOI:10.1590/s1517-83822014000400024,moderate,strong,False
standardized,3,234,DOI:10.1590/s1517-83822014000400024,moderate,moderate,True
standardized,3,235,https://doi.org/10.1186/s13568-024-01707-2,moderate,strong,False
standardized,3,236,https://doi.org/10.1186/s13568-024-01707-2,moderate,strong,False
standardized,3,237,https://doi.org/10.1186/s13568-024-01707-2,weak,strong,False
standardized,3,238,https://doi.org/10.1186/s13568-024-01707-2,weak,strong,False
standardized,3,239,https://doi.org/10.1186/s13568-024-01707-2,moderate,moderate,True
standardized,3,240,https://doi.org/10.1186/s13568-024-01707-2,weak,moderate,False
standardized,3,241,https://doi.org/10.1186/s13568-024-01707-2,moderate,strong,False
standardized,3,242,https://doi.org/10.1016/j.sjbs.2017.07.001,moderate,strong,False
standardized,3,243,https://doi.org/10.1016/j.sjbs.2017.07.001,weak,strong,False
standardized,3,244,https://doi.org/10.1016/j.sjbs.2017.07.001,weak,strong,False
standardized,3,245,https://doi.org/10.1016/j.sjbs.2017.07.001,weak,strong,False
standardized,3,246,https://doi.org/10.1016/j.sjbs.2017.07.001,weak,strong,False
standardized,3,285,Â 10.1016/j.jbiotec.2021.11.003,moderate,moderate,True
standardized,3,286,Â 10.1016/j.jbiotec.2021.11.003,strong,weak,False
standardized,3,293,https://doi.org/10.1038/s41598-017-18590-6,weak,moderate,False
standardized,3,294,https://doi.org/10.1038/s41598-017-18590-6,weak,strong,False
standardized,3,295,https://doi.org/10.1038/s41598-017-18590-6,weak,moderate,False
standardized,3,296,https://doi.org/10.1038/s41598-017-18590-6,weak,weak,True
standardized,3,297,https://doi.org/10.1038/s41598-017-18590-6,weak,strong,False
standardized,3,298,https://doi.org/10.1038/s41598-017-18590-6,weak,strong,False
standardized,3,299,https://doi.org/10.1038/s41598-017-18590-6,weak,strong,False
standardized,3,300,https://doi.org/10.1038/s41598-017-18590-6,weak,strong,False
standardized,3,301,https://doi.org/10.1038/s41598-017-18590-6,weak,strong,False
standardized,3,302,https://doi.org/10.1038/s41598-017-18590-6,weak,strong,False
standardized,3,303,https://doi.org/10.1111/jfd.14003,weak,strong,False
standardized,3,332,https://doi.org/10.1039/c8tx00267c,weak,moderate,False
standardized,3,333,https://doi.org/10.1039/c8tx00267c,weak,weak,True
standardized,3,334,https://doi.org/10.1039/c8tx00267c,weak,weak,True
standardized,3,335,https://doi.org/10.1039/c8tx00267c,weak,moderate,False
standardized,3,340,https://doi.org/10.1038/s41598-024-62868-5,strong,moderate,False
standardized,3,341,https://doi.org/10.1038/s41598-024-62868-5,strong,moderate,False
coral,3,132,Â 10.1021/acsinfecdis.4c00860,strong,weak,False
coral,3,133,Â 10.1021/acsinfecdis.4c00860,strong,weak,False
coral,3,134,Â 10.1021/acsinfecdis.4c00860,strong,weak,False
coral,3,135,Â 10.1021/acsinfecdis.4c00860,strong,weak,False
coral,3,165,10.1111/1751-7915.12374,weak,weak,True
coral,3,166,10.1111/1751-7915.12374,weak,weak,True
coral,3,167,10.1111/1751-7915.12374,weak,weak,True
coral,3,168,10.1016/j.chemosphere.2021.132676,moderate,moderate,True
coral,3,169,10.1016/j.chemosphere.2021.132676,moderate,moderate,True
coral,3,170,10.1016/j.chemosphere.2021.132676,moderate,moderate,True
coral,3,171,10.1016/j.chemosphere.2021.132676,moderate,moderate,True
coral,3,172,10.1016/j.chemosphere.2021.132676,weak,moderate,False
coral,3,173,10.1016/j.chemosphere.2021.132676,weak,moderate,False
coral,3,174,10.1016/j.chemosphere.2021.132676,weak,moderate,False
coral,3,175,10.1016/j.chemosphere.2021.132676,weak,moderate,False
coral,3,176,10.1016/j.chemosphere.2021.132676,weak,moderate,False
coral,3,177,10.1016/j.chemosphere.2021.132676,weak,moderate,False
coral,3,178,10.1016/j.chemosphere.2021.132676,weak,moderate,False
coral,3,179,10.1016/j.chemosphere.2021.132676,moderate,moderate,True
coral,3,180,10.1016/j.chemosphere.2021.132676,weak,moderate,False
coral,3,181,10.1016/j.chemosphere.2021.132676,weak,moderate,False
coral,3,182,10.1016/j.chemosphere.2021.132676,weak,moderate,False
coral,3,183,10.1016/j.chemosphere.2021.132676,weak,moderate,False
coral,3,184,10.3390/jof9020133,moderate,moderate,True
coral,3,185,10.3390/jof9020133,moderate,moderate,True
coral,3,201,https://doi.org/10.3390/antiox13070865,moderate,weak,False
coral,3,202,https://doi.org/10.3390/antiox13070865,moderate,weak,False
coral,3,203,https://doi.org/10.3390/antiox13070865,moderate,weak,False
coral,3,204,https://doi.org/10.3390/antiox13070865,weak,weak,True
coral,3,205,https://doi.org/10.3390/antiox13070865,weak,weak,True
coral,3,206,https://doi.org/10.3390/antiox13070865,weak,weak,True
coral,3,207,https://doi.org/10.3390/antiox13070865,weak,weak,True
coral,3,208,https://doi.org/10.3390/antiox13070865,weak,weak,True
coral,3,231,DOI:10.1590/s1517-83822014000400024,moderate,weak,False
coral,3,232,DOI:10.1590/s1517-83822014000400024,moderate,weak,False
coral,3,233,DOI:10.1590/s1517-83822014000400024,moderate,weak,False
coral,3,234,DOI:10.1590/s1517-83822014000400024,moderate,weak,False
coral,3,235,https://doi.org/10.1186/s13568-024-01707-2,moderate,weak,False
coral,3,236,https://doi.org/10.1186/s13568-024-01707-2,moderate,weak,False
coral,3,237,https://doi.org/10.1186/s13568-024-01707-2,weak,weak,True
coral,3,238,https://doi.org/10.1186/s13568-024-01707-2,weak,weak,True
coral,3,239,https://doi.org/10.1186/s13568-024-01707-2,moderate,weak,False
coral,3,240,https://doi.org/10.1186/s13568-024-01707-2,weak,weak,True
coral,3,241,https://doi.org/10.1186/s13568-024-01707-2,moderate,weak,False
coral,3,242,https://doi.org/10.1016/j.sjbs.2017.07.001,moderate,weak,False
coral,3,243,https://doi.org/10.1016/j.sjbs.2017.07.001,weak,weak,True
coral,3,244,https://doi.org/10.1016/j.sjbs.2017.07.001,weak,weak,True
coral,3,245,https://doi.org/10.1016/j.sjbs.2017.07.001,weak,weak,True
coral,3,246,https://doi.org/10.1016/j.sjbs.2017.07.001,weak,weak,True
coral,3,285,Â 10.1016/j.jbiotec.2021.11.003,moderate,weak,False
coral,3,286,Â 10.1016/j.jbiotec.2021.11.003,strong,weak,False
coral,3,293,https://doi.org/10.1038/s41598-017-18590-6,weak,weak,True
coral,3,294,https://doi.org/10.1038/s41598-017-18590-6,weak,weak,True
coral,3,295,https://doi.org/10.1038/s41598-017-18590-6,weak,weak,True
coral,3,296,https://doi.org/10.1038/s41598-017-18590-6,weak,weak,True
coral,3,297,https://doi.org/10.1038/s41598-017-18590-6,weak,weak,True
coral,3,298,https://doi.org/10.1038/s41598-017-18590-6,weak,weak,True
coral,3,299,https://doi.org/10.1038/s41598-017-18590-6,weak,moderate,False
coral,3,300,https://doi.org/10.1038/s41598-017-18590-6,weak,weak,True
coral,3,301,https://doi.org/10.1038/s41598-017-18590-6,weak,weak,True
coral,3,302,https://doi.org/10.1038/s41598-017-18590-6,weak,weak,True
coral,3,303,https://doi.org/10.1111/jfd.14003,weak,strong,False
coral,3,332,https://doi.org/10.1039/c8tx00267c,weak,weak,True
coral,3,333,https://doi.org/10.1039/c8tx00267c,weak,weak,True
coral,3,334,https://doi.org/10.1039/c8tx00267c,weak,weak,True
coral,3,335,https://doi.org/10.1039/c8tx00267c,weak,weak,True
coral,3,340,https://doi.org/10.1038/s41598-024-62868-5,strong,weak,False
coral,3,341,https://doi.org/10.1038/s41598-024-62868-5,strong,weak,False
uncorrected,4,58,10.1007/s12088-013-0437-5,weak,moderate,False
uncorrected,4,59,10.1007/s12088-013-0437-5,weak,moderate,False
uncorrected,4,60,10.1007/s12088-013-0437-5,weak,moderate,False
uncorrected,4,61,10.1007/s12088-013-0437-5,weak,moderate,False
uncorrected,4,62,10.1007/s12088-013-0437-5,weak,moderate,False
uncorrected,4,63,10.1007/s12088-013-0437-5,weak,moderate,False
uncorrected,4,70,https://pubs.rsc.org/en/content/articlelanding/2015/ra/c4ra12784f,moderate,moderate,True
uncorrected,4,71,https://pubs.rsc.org/en/content/articlelanding/2015/ra/c4ra12784f,moderate,moderate,True
uncorrected,4,97,10.14202/vetworld.2023.1301-1311,moderate,weak,False
uncorrected,4,98,10.14202/vetworld.2023.1301-1311,moderate,weak,False
uncorrected,4,99,10.14202/vetworld.2023.1301-1311,weak,weak,True
uncorrected,4,100,10.14202/vetworld.2023.1301-1311,moderate,weak,False
uncorrected,4,101,10.14202/vetworld.2023.1301-1311,moderate,weak,False
uncorrected,4,102,10.14202/vetworld.2023.1301-1311,moderate,weak,False
uncorrected,4,103,10.14202/vetworld.2023.1301-1311,moderate,weak,False
uncorrected,4,104,10.14202/vetworld.2023.1301-1311,moderate,strong,False
uncorrected,4,105,10.14202/vetworld.2023.1301-1311,strong,weak,False
uncorrected,4,106,10.14202/vetworld.2023.1301-1311,moderate,weak,False
uncorrected,4,107,10.14202/vetworld.2023.1301-1311,moderate,weak,False
uncorrected,4,108,10.14202/vetworld.2023.1301-1311,moderate,strong,False
uncorrected,4,109,10.14202/vetworld.2023.1301-1311,strong,weak,False
uncorrected,4,110,10.14202/vetworld.2023.1301-1311,moderate,strong,False
uncorrected,4,125,https://link.springer.com/article/10.1007/s00449-023-02905-1#Sec21,weak,weak,True
uncorrected,4,126,https://link.springer.com/article/10.1007/s00449-023-02905-1#Sec21,weak,weak,True
uncorrected,4,127,https://link.springer.com/article/10.1007/s00449-023-02905-1#Sec21,weak,weak,True
uncorrected,4,128,https://link.springer.com/article/10.1007/s00449-023-02905-1#Sec21,weak,weak,True
uncorrected,4,130,10.1038/s41598-024-82332-8,strong,moderate,False
uncorrected,4,131,10.1038/s41598-024-82332-8,strong,moderate,False
uncorrected,4,136,DOI: 10.1002/smll.202104160,moderate,weak,False
uncorrected,4,137,DOI: 10.1002/smll.202104160,moderate,moderate,True
uncorrected,4,138,DOI: 10.1002/smll.202104160,moderate,moderate,True
uncorrected,4,139,DOI: 10.1002/smll.202104160,moderate,moderate,True
uncorrected,4,140,https://doi.org/10.1038/s41598-022-24514-w,moderate,strong,False
uncorrected,4,142,https://doi.org/10.1038/s41598-022-17929-y,moderate,weak,False
uncorrected,4,143,https://doi.org/10.1038/s41598-022-17929-y,moderate,weak,False
uncorrected,4,144,https://doi.org/10.1038/s41598-022-17929-y,strong,weak,False
uncorrected,4,145,https://doi.org/10.1038/s41598-022-17929-y,moderate,weak,False
uncorrected,4,146,https://doi.org/10.1038/s41598-022-17929-y,strong,weak,False
uncorrected,4,147,https://doi.org/10.1038/s41598-022-17929-y,moderate,weak,False
uncorrected,4,148,10.1021/acsomega.2c06789,weak,moderate,False
uncorrected,4,149,10.1021/acsomega.2c06789,weak,weak,True
uncorrected,4,150,10.1021/acsomega.2c06789,weak,weak,True
uncorrected,4,151,10.1021/acsomega.2c06789,weak,moderate,False
uncorrected,4,152,10.1021/acsomega.2c06789,weak,moderate,False
uncorrected,4,153,10.1021/acsomega.2c06789,weak,weak,True
uncorrected,4,154,10.1021/acsomega.2c06789,moderate,moderate,True
uncorrected,4,155,10.1021/acsomega.2c06789,weak,moderate,False
uncorrected,4,156,10.1021/acsomega.2c06789,moderate,weak,False
uncorrected,4,157,10.1021/acsomega.2c06789,weak,weak,True
uncorrected,4,158,10.1021/acsomega.2c06789,weak,weak,True
uncorrected,4,159,10.1021/acsomega.2c06789,weak,weak,True
uncorrected,4,160,10.1080/21691401.2023.2268167,strong,weak,False
uncorrected,4,161,10.1080/21691401.2023.2268167,strong,weak,False
uncorrected,4,162,10.1080/21691401.2023.2268167,strong,weak,False
uncorrected,4,247,https://doi.org/10.1016/j.sdentj.2018.10.004,moderate,moderate,True
uncorrected,4,248,https://doi.org/10.1016/j.sdentj.2018.10.004,moderate,moderate,True
uncorrected,4,249,https://doi.org/10.1016/j.sdentj.2018.10.004,moderate,moderate,True
uncorrected,4,250,https://doi.org/10.1016/j.sdentj.2018.10.004,moderate,moderate,True
uncorrected,4,308,https://doi.org/10.1038/s41598-019-50906-6,moderate,weak,False
uncorrected,4,309,https://doi.org/10.1038/s41598-019-50906-6,moderate,weak,False
uncorrected,4,312,https://doi.org/10.1038/s41598-019-54025-0,weak,moderate,False
uncorrected,4,313,https://doi.org/10.1038/s41598-019-54025-0,weak,moderate,False
uncorrected,4,314,https://doi.org/10.1038/s41598-019-54025-0,weak,moderate,False
uncorrected,4,315,https://doi.org/10.1038/s41598-019-54025-0,weak,moderate,False
uncorrected,4,316,https://doi.org/10.1038/s41598-019-54025-0,weak,moderate,False
uncorrected,4,317,https://doi.org/10.1038/s41598-019-54025-0,weak,moderate,False
uncorrected,4,318,https://doi.org/10.1038/s41598-019-54025-0,weak,moderate,False
uncorrected,4,319,https://doi.org/10.1038/s41598-019-54025-0,weak,moderate,False
standardized,4,58,10.1007/s12088-013-0437-5,weak,weak,True
standardized,4,59,10.1007/s12088-013-0437-5,weak,weak,True
standardized,4,60,10.1007/s12088-013-0437-5,weak,weak,True
standardized,4,61,10.1007/s12088-013-0437-5,weak,weak,True
standardized,4,62,10.1007/s12088-013-0437-5,weak,weak,True
standardized,4,63,10.1007/s12088-013-0437-5,weak,weak,True
standardized,4,70,https://pubs.rsc.org/en/content/articlelanding/2015/ra/c4ra12784f,moderate,weak,False
standardized,4,71,https://pubs.rsc.org/en/content/articlelanding/2015/ra/c4ra12784f,moderate,strong,False
standardized,4,97,10.14202/vetworld.2023.1301-1311,moderate,weak,False
standardized,4,98,10.14202/vetworld.2023.1301-1311,moderate,weak,False
standardized,4,99,10.14202/vetworld.2023.1301-1311,weak,weak,True
standardized,4,100,10.14202/vetworld.2023.1301-1311,moderate,weak,False
standardized,4,101,10.14202/vetworld.2023.1301-1311,moderate,weak,False
standardized,4,102,10.14202/vetworld.2023.1301-1311,moderate,weak,False
standardized,4,103,10.14202/vetworld.2023.1301-1311,moderate,weak,False
standardized,4,104,10.14202/vetworld.2023.1301-1311,moderate,weak,False
standardized,4,105,10.14202/vetworld.2023.1301-1311,strong,weak,False
standardized,4,106,10.14202/vetworld.2023.1301-1311,moderate,weak,False
standardized,4,107,10.14202/vetworld.2023.1301-1311,moderate,weak,False
standardized,4,108,10.14202/vetworld.2023.1301-1311,moderate,weak,False
standardized,4,109,10.14202/vetworld.2023.1301-1311,strong,weak,False
standardized,4,110,10.14202/vetworld.2023.1301-1311,moderate,weak,False
standardized,4,125,https://link.springer.com/article/10.1007/s00449-023-02905-1#Sec21,weak,weak,True
standardized,4,126,https://link.springer.com/article/10.1007/s00449-023-02905-1#Sec21,weak,weak,True
standardized,4,127,https://link.springer.com/article/10.1007/s00449-023-02905-1#Sec21,weak,moderate,False
standardized,4,128,https://link.springer.com/article/10.1007/s00449-023-02905-1#Sec21,weak,moderate,False
standardized,4,130,10.1038/s41598-024-82332-8,strong,moderate,False
standardized,4,131,10.1038/s41598-024-82332-8,strong,weak,False
standardized,4,136,DOI: 10.1002/smll.202104160,moderate,weak,False
standardized,4,137,DOI: 10.1002/smll.202104160,moderate,moderate,True
standardized,4,138,DOI: 10.1002/smll.202104160,moderate,moderate,True
standardized,4,139,DOI: 10.1002/smll.202104160,moderate,weak,False
standardized,4,140,https://doi.org/10.1038/s41598-022-24514-w,moderate,weak,False
standardized,4,142,https://doi.org/10.1038/s41598-022-17929-y,moderate,weak,False
standardized,4,143,https://doi.org/10.1038/s41598-022-17929-y,moderate,weak,False
standardized,4,144,https://doi.org/10.1038/s41598-022-17929-y,strong,weak,False
standardized,4,145,https://doi.org/10.1038/s41598-022-17929-y,moderate,weak,False
standardized,4,146,https://doi.org/10.1038/s41598-022-17929-y,strong,weak,False
standardized,4,147,https://doi.org/10.1038/s41598-022-17929-y,moderate,weak,False
standardized,4,148,10.1021/acsomega.2c06789,weak,weak,True
standardized,4,149,10.1021/acsomega.2c06789,weak,weak,True
standardized,4,150,10.1021/acsomega.2c06789,weak,weak,True
standardized,4,151,10.1021/acsomega.2c06789,weak,weak,True
standardized,4,152,10.1021/acsomega.2c06789,weak,weak,True
standardized,4,153,10.1021/acsomega.2c06789,weak,weak,True
standardized,4,154,10.1021/acsomega.2c06789,moderate,weak,False
standardized,4,155,10.1021/acsomega.2c06789,weak,weak,True
standardized,4,156,10.1021/acsomega.2c06789,moderate,weak,False
standardized,4,157,10.1021/acsomega.2c06789,weak,weak,True
standardized,4,158,10.1021/acsomega.2c06789,weak,weak,True
standardized,4,159,10.1021/acsomega.2c06789,weak,weak,True
standardized,4,160,10.1080/21691401.2023.2268167,strong,weak,False
standardized,4,161,10.1080/21691401.2023.2268167,strong,weak,False
standardized,4,162,10.1080/21691401.2023.2268167,strong,moderate,False
standardized,4,247,https://doi.org/10.1016/j.sdentj.2018.10.004,moderate,moderate,True
standardized,4,248,https://doi.org/10.1016/j.sdentj.2018.10.004,moderate,moderate,True
standardized,4,249,https://doi.org/10.1016/j.sdentj.2018.10.004,moderate,moderate,True
standardized,4,250,https://doi.org/10.1016/j.sdentj.2018.10.004,moderate,moderate,True
standardized,4,308,https://doi.org/10.1038/s41598-019-50906-6,moderate,moderate,True
standardized,4,309,https://doi.org/10.1038/s41598-019-50906-6,moderate,moderate,True
standardized,4,312,https://doi.org/10.1038/s41598-019-54025-0,weak,moderate,False
standardized,4,313,https://doi.org/10.1038/s41598-019-54025-0,weak,moderate,False
standardized,4,314,https://doi.org/10.1038/s41598-019-54025-0,weak,moderate,False
standardized,4,315,https://doi.org/10.1038/s41598-019-54025-0,weak,moderate,False
standardized,4,316,https://doi.org/10.1038/s41598-019-54025-0,weak,moderate,False
standardized,4,317,https://doi.org/10.1038/s41598-019-54025-0,weak,moderate,False
standardized,4,318,https://doi.org/10.1038/s41598-019-54025-0,weak,moderate,False
standardized,4,319,https://doi.org/10.1038/s41598-019-54025-0,weak,moderate,False
coral,4,58,10.1007/s12088-013-0437-5,weak,weak,True
coral,4,59,10.1007/s12088-013-0437-5,weak,weak,True
coral,4,60,10.1007/s12088-013-0437-5,weak,weak,True
coral,4,61,10.1007/s12088-013-0437-5,weak,weak,True
coral,4,62,10.1007/s12088-013-0437-5,weak,weak,True
coral,4,63,10.1007/s12088-013-0437-5,weak,weak,True
coral,4,70,https://pubs.rsc.org/en/content/articlelanding/2015/ra/c4ra12784f,moderate,weak,False
coral,4,71,https://pubs.rsc.org/en/content/articlelanding/2015/ra/c4ra12784f,moderate,weak,False
coral,4,97,10.14202/vetworld.2023.1301-1311,moderate,weak,False
coral,4,98,10.14202/vetworld.2023.1301-1311,moderate,weak,False
coral,4,99,10.14202/vetworld.2023.1301-1311,weak,weak,True
coral,4,100,10.14202/vetworld.2023.1301-1311,moderate,weak,False
coral,4,101,10.14202/vetworld.2023.1301-1311,moderate,weak,False
coral,4,102,10.14202/vetworld.2023.1301-1311,moderate,weak,False
coral,4,103,10.14202/vetworld.2023.1301-1311,moderate,weak,False
coral,4,104,10.14202/vetworld.2023.1301-1311,moderate,weak,False
coral,4,105,10.14202/vetworld.2023.1301-1311,strong,weak,False
coral,4,106,10.14202/vetworld.2023.1301-1311,moderate,weak,False
coral,4,107,10.14202/vetworld.2023.1301-1311,moderate,weak,False
coral,4,108,10.14202/vetworld.2023.1301-1311,moderate,weak,False
coral,4,109,10.14202/vetworld.2023.1301-1311,strong,weak,False
coral,4,110,10.14202/vetworld.2023.1301-1311,moderate,weak,False
coral,4,125,https://link.springer.com/article/10.1007/s00449-023-02905-1#Sec21,weak,weak,True
coral,4,126,https://link.springer.com/article/10.1007/s00449-023-02905-1#Sec21,weak,weak,True
coral,4,127,https://link.springer.com/article/10.1007/s00449-023-02905-1#Sec21,weak,weak,True
coral,4,128,https://link.springer.com/article/10.1007/s00449-023-02905-1#Sec21,weak,weak,True
coral,4,130,10.1038/s41598-024-82332-8,strong,weak,False
coral,4,131,10.1038/s41598-024-82332-8,strong,weak,False
coral,4,136,DOI: 10.1002/smll.202104160,moderate,strong,False
coral,4,137,DOI: 10.1002/smll.202104160,moderate,strong,False
coral,4,138,DOI: 10.1002/smll.202104160,moderate,strong,False
coral,4,139,DOI: 10.1002/smll.202104160,moderate,strong,False
coral,4,140,https://doi.org/10.1038/s41598-022-24514-w,moderate,strong,False
coral,4,142,https://doi.org/10.1038/s41598-022-17929-y,moderate,moderate,True
coral,4,143,https://doi.org/10.1038/s41598-022-17929-y,moderate,weak,False
coral,4,144,https://doi.org/10.1038/s41598-022-17929-y,strong,moderate,False
coral,4,145,https://doi.org/10.1038/s41598-022-17929-y,moderate,weak,False
coral,4,146,https://doi.org/10.1038/s41598-022-17929-y,strong,moderate,False
coral,4,147,https://doi.org/10.1038/s41598-022-17929-y,moderate,weak,False
coral,4,148,10.1021/acsomega.2c06789,weak,weak,True
coral,4,149,10.1021/acsomega.2c06789,weak,weak,True
coral,4,150,10.1021/acsomega.2c06789,weak,weak,True
coral,4,151,10.1021/acsomega.2c06789,weak,weak,True
coral,4,152,10.1021/acsomega.2c06789,weak,weak,True
coral,4,153,10.1021/acsomega.2c06789,weak,weak,True
coral,4,154,10.1021/acsomega.2c06789,moderate,weak,False
coral,4,155,10.1021/acsomega.2c06789,weak,weak,True
coral,4,156,10.1021/acsomega.2c06789,moderate,weak,False
coral,4,157,10.1021/acsomega.2c06789,weak,weak,True
coral,4,158,10.1021/acsomega.2c06789,weak,weak,True
coral,4,159,10.1021/acsomega.2c06789,weak,weak,True
coral,4,160,10.1080/21691401.2023.2268167,strong,weak,False
coral,4,161,10.1080/21691401.2023.2268167,strong,weak,False
coral,4,162,10.1080/21691401.2023.2268167,strong,weak,False
coral,4,247,https://doi.org/10.1016/j.sdentj.2018.10.004,moderate,weak,False
coral,4,248,https://doi.org/10.1016/j.sdentj.2018.10.004,moderate,weak,False
coral,4,249,https://doi.org/10.1016/j.sdentj.2018.10.004,moderate,weak,False
coral,4,250,https://doi.org/10.1016/j.sdentj.2018.10.004,moderate,weak,False
coral,4,308,https://doi.org/10.1038/s41598-019-50906-6,moderate,weak,False
coral,4,309,https://doi.org/10.1038/s41598-019-50906-6,moderate,weak,False
coral,4,312,https://doi.org/10.1038/s41598-019-54025-0,weak,weak,True
coral,4,313,https://doi.org/10.1038/s41598-019-54025-0,weak,weak,True
coral,4,314,https://doi.org/10.1038/s41598-019-54025-0,weak,weak,True
coral,4,315,https://doi.org/10.1038/s41598-019-54025-0,weak,weak,True
coral,4,316,https://doi.org/10.1038/s41598-019-54025-0,weak,strong,False
coral,4,317,https://doi.org/10.1038/s41598-019-54025-0,weak,strong,False
coral,4,318,https://doi.org/10.1038/s41598-019-54025-0,weak,weak,True
coral,4,319,https://doi.org/10.1038/s41598-019-54025-0,weak,weak,True
uncorrected,5,6,https://doi.org/10.1016/j.saa.2012.01.011,moderate,moderate,True
uncorrected,5,7,https://doi.org/10.1016/j.saa.2012.01.011,moderate,moderate,True
uncorrected,5,8,https://doi.org/10.1016/j.saa.2012.01.011,moderate,moderate,True
uncorrected,5,9,https://doi.org/10.1016/j.saa.2012.01.011,weak,moderate,False
uncorrected,5,10,https://doi.org/10.1016/j.saa.2012.01.011,moderate,moderate,True
uncorrected,5,68,https://link.springer.com/article/10.1007/s13204-015-0460-4,moderate,moderate,True
uncorrected,5,69,https://link.springer.com/article/10.1007/s13204-015-0460-4,moderate,weak,False
uncorrected,5,72,https://doi.org/10.1016/j.jallcom.2021.163073,weak,weak,True
uncorrected,5,73,https://doi.org/10.1016/j.jallcom.2021.163073,moderate,weak,False
uncorrected,5,74,https://doi.org/10.1016/j.jallcom.2021.163073,weak,moderate,False
uncorrected,5,75,https://doi.org/10.1016/j.jallcom.2021.163073,moderate,moderate,True
uncorrected,5,76,https://doi.org/10.1016/j.jallcom.2021.163073,weak,moderate,False
uncorrected,5,77,https://doi.org/10.1016/j.jallcom.2021.163073,moderate,moderate,True
uncorrected,5,78,https://doi.org/10.1016/j.jallcom.2021.163073,moderate,moderate,True
uncorrected,5,79,https://doi.org/10.1016/j.jallcom.2021.163073,moderate,moderate,True
uncorrected,5,80,https://doi.org/10.1016/j.jallcom.2021.163073,moderate,strong,False
uncorrected,5,81,https://doi.org/10.1016/j.jallcom.2021.163073,moderate,strong,False
uncorrected,5,82,https://doi.org/10.1016/j.jallcom.2021.163073,moderate,strong,False
uncorrected,5,83,https://doi.org/10.1016/j.jallcom.2021.163073,moderate,strong,False
uncorrected,5,141,https://doi.org/10.1038/s41598-022-18379-2,moderate,weak,False
uncorrected,5,186,10.3390/jfb14020112,strong,weak,False
uncorrected,5,187,10.3390/jfb14020112,moderate,weak,False
uncorrected,5,188,10.3390/jfb14020112,strong,weak,False
uncorrected,5,189,10.3390/jfb14020112,strong,weak,False
uncorrected,5,209,10.1007/s00430-017-0525-y,weak,weak,True
uncorrected,5,210,10.1007/s00430-017-0525-y,weak,weak,True
uncorrected,5,211,10.1007/s00430-017-0525-y,weak,weak,True
uncorrected,5,212,10.1007/s00430-017-0525-y,weak,weak,True
uncorrected,5,213,10.1007/s00430-017-0525-y,weak,weak,True
uncorrected,5,214,10.1007/s00430-017-0525-y,weak,weak,True
uncorrected,5,215,10.1007/s00430-017-0525-y,weak,weak,True
uncorrected,5,216,10.1007/s00430-017-0525-y,weak,weak,True
uncorrected,5,217,"10.1049/iet-nbt.2014.0068
www.ietdl.org",moderate,strong,False
uncorrected,5,218,"10.1049/iet-nbt.2014.0068
www.ietdl.org",moderate,strong,False
uncorrected,5,219,"10.1049/iet-nbt.2014.0068
www.ietdl.org",moderate,strong,False
uncorrected,5,220,"10.1049/iet-nbt.2014.0068
www.ietdl.org",strong,strong,True
uncorrected,5,221,"10.1049/iet-nbt.2014.0068
www.ietdl.org",moderate,strong,False
uncorrected,5,222,"10.1049/iet-nbt.2014.0068
www.ietdl.org",moderate,strong,False
uncorrected,5,223,"10.1049/iet-nbt.2014.0068
www.ietdl.org",strong,weak,False
uncorrected,5,224,"10.1049/iet-nbt.2014.0068
www.ietdl.org",strong,strong,True
uncorrected,5,225,"10.1049/iet-nbt.2014.0068
www.ietdl.org",strong,weak,False
uncorrected,5,226,"10.1049/iet-nbt.2014.0068
www.ietdl.org",moderate,strong,False
uncorrected,5,227,"10.1049/iet-nbt.2014.0068
www.ietdl.org",moderate,weak,False
uncorrected,5,228,"10.1049/iet-nbt.2014.0068
www.ietdl.org",strong,strong,True
uncorrected,5,273,10.2147/IJN.S258319,moderate,weak,False
uncorrected,5,274,10.2147/IJN.S258319,weak,moderate,False
uncorrected,5,275,10.2147/IJN.S258319,moderate,weak,False
uncorrected,5,276,10.2147/IJN.S258319,moderate,moderate,True
uncorrected,5,277,10.2147/IJN.S258319,strong,moderate,False
uncorrected,5,278,10.2147/IJN.S258319,strong,moderate,False
uncorrected,5,279,10.2147/IJN.S258319,moderate,moderate,True
uncorrected,5,280,10.2147/IJN.S258319,strong,moderate,False
uncorrected,5,281,10.2147/IJN.S258319,weak,moderate,False
uncorrected,5,282,10.1038/s41598-020-64127-9,weak,strong,False
uncorrected,5,283,10.1038/s41598-020-64127-9,weak,strong,False
uncorrected,5,284,10.1038/s41598-020-64127-9,weak,moderate,False
uncorrected,5,287,10.1038/s41598-021-85584-,strong,weak,False
uncorrected,5,288,10.1038/s41598-021-85584-,strong,strong,True
uncorrected,5,310,https://doi.org/10.1038/s41598-019-42112-1,strong,strong,True
uncorrected,5,311,https://doi.org/10.1038/s41598-019-42112-1,moderate,moderate,True
uncorrected,5,328,https://doi.org/10.4274/tjps.52724,weak,weak,True
uncorrected,5,329,https://doi.org/10.4274/tjps.52724,weak,weak,True
uncorrected,5,330,https://doi.org/10.4274/tjps.52724,weak,moderate,False
uncorrected,5,331,https://doi.org/10.4274/tjps.52724,weak,weak,True
uncorrected,5,336,https://doi.org/10.1016/j.micpath.2024.106546,weak,weak,True
uncorrected,5,337,https://doi.org/10.1016/j.micpath.2024.106546,weak,weak,True
uncorrected,5,338,https://doi.org/10.1016/j.micpath.2024.106546,weak,strong,False
uncorrected,5,339,https://doi.org/10.1016/j.micpath.2024.106546,weak,weak,True
standardized,5,6,https://doi.org/10.1016/j.saa.2012.01.011,moderate,moderate,True
standardized,5,7,https://doi.org/10.1016/j.saa.2012.01.011,moderate,moderate,True
standardized,5,8,https://doi.org/10.1016/j.saa.2012.01.011,moderate,moderate,True
standardized,5,9,https://doi.org/10.1016/j.saa.2012.01.011,weak,weak,True
standardized,5,10,https://doi.org/10.1016/j.saa.2012.01.011,moderate,weak,False
standardized,5,68,https://link.springer.com/article/10.1007/s13204-015-0460-4,moderate,weak,False
standardized,5,69,https://link.springer.com/article/10.1007/s13204-015-0460-4,moderate,weak,False
standardized,5,72,https://doi.org/10.1016/j.jallcom.2021.163073,weak,weak,True
standardized,5,73,https://doi.org/10.1016/j.jallcom.2021.163073,moderate,weak,False
standardized,5,74,https://doi.org/10.1016/j.jallcom.2021.163073,weak,weak,True
standardized,5,75,https://doi.org/10.1016/j.jallcom.2021.163073,moderate,weak,False
standardized,5,76,https://doi.org/10.1016/j.jallcom.2021.163073,weak,weak,True
standardized,5,77,https://doi.org/10.1016/j.jallcom.2021.163073,moderate,weak,False
standardized,5,78,https://doi.org/10.1016/j.jallcom.2021.163073,moderate,weak,False
standardized,5,79,https://doi.org/10.1016/j.jallcom.2021.163073,moderate,weak,False
standardized,5,80,https://doi.org/10.1016/j.jallcom.2021.163073,moderate,weak,False
standardized,5,81,https://doi.org/10.1016/j.jallcom.2021.163073,moderate,weak,False
standardized,5,82,https://doi.org/10.1016/j.jallcom.2021.163073,moderate,weak,False
standardized,5,83,https://doi.org/10.1016/j.jallcom.2021.163073,moderate,weak,False
standardized,5,141,https://doi.org/10.1038/s41598-022-18379-2,moderate,moderate,True
standardized,5,186,10.3390/jfb14020112,strong,weak,False
standardized,5,187,10.3390/jfb14020112,moderate,strong,False
standardized,5,188,10.3390/jfb14020112,strong,strong,True
standardized,5,189,10.3390/jfb14020112,strong,weak,False
standardized,5,209,10.1007/s00430-017-0525-y,weak,weak,True
standardized,5,210,10.1007/s00430-017-0525-y,weak,strong,False
standardized,5,211,10.1007/s00430-017-0525-y,weak,weak,True
standardized,5,212,10.1007/s00430-017-0525-y,weak,weak,True
standardized,5,213,10.1007/s00430-017-0525-y,weak,weak,True
standardized,5,214,10.1007/s00430-017-0525-y,weak,weak,True
standardized,5,215,10.1007/s00430-017-0525-y,weak,weak,True
standardized,5,216,10.1007/s00430-017-0525-y,weak,weak,True
standardized,5,217,"10.1049/iet-nbt.2014.0068
www.ietdl.org",moderate,strong,False
standardized,5,218,"10.1049/iet-nbt.2014.0068
www.ietdl.org",moderate,strong,False
standardized,5,219,"10.1049/iet-nbt.2014.0068
www.ietdl.org",moderate,strong,False
standardized,5,220,"10.1049/iet-nbt.2014.0068
www.ietdl.org",strong,strong,True
standardized,5,221,"10.1049/iet-nbt.2014.0068
www.ietdl.org",moderate,strong,False
standardized,5,222,"10.1049/iet-nbt.2014.0068
www.ietdl.org",moderate,strong,False
standardized,5,223,"10.1049/iet-nbt.2014.0068
www.ietdl.org",strong,strong,True
standardized,5,224,"10.1049/iet-nbt.2014.0068
www.ietdl.org",strong,strong,True
standardized,5,225,"10.1049/iet-nbt.2014.0068
www.ietdl.org",strong,strong,True
standardized,5,226,"10.1049/iet-nbt.2014.0068
www.ietdl.org",moderate,strong,False
standardized,5,227,"10.1049/iet-nbt.2014.0068
www.ietdl.org",moderate,strong,False
standardized,5,228,"10.1049/iet-nbt.2014.0068
www.ietdl.org",strong,strong,True
standardized,5,273,10.2147/IJN.S258319,moderate,weak,False
standardized,5,274,10.2147/IJN.S258319,weak,moderate,False
standardized,5,275,10.2147/IJN.S258319,moderate,weak,False
standardized,5,276,10.2147/IJN.S258319,moderate,moderate,True
standardized,5,277,10.2147/IJN.S258319,strong,moderate,False
standardized,5,278,10.2147/IJN.S258319,strong,moderate,False
standardized,5,279,10.2147/IJN.S258319,moderate,moderate,True
standardized,5,280,10.2147/IJN.S258319,strong,moderate,False
standardized,5,281,10.2147/IJN.S258319,weak,moderate,False
standardized,5,282,10.1038/s41598-020-64127-9,weak,strong,False
standardized,5,283,10.1038/s41598-020-64127-9,weak,strong,False
standardized,5,284,10.1038/s41598-020-64127-9,weak,moderate,False
standardized,5,287,10.1038/s41598-021-85584-,strong,moderate,False
standardized,5,288,10.1038/s41598-021-85584-,strong,moderate,False
standardized,5,310,https://doi.org/10.1038/s41598-019-42112-1,strong,moderate,False
standardized,5,311,https://doi.org/10.1038/s41598-019-42112-1,moderate,moderate,True
standardized,5,328,https://doi.org/10.4274/tjps.52724,weak,moderate,False
standardized,5,329,https://doi.org/10.4274/tjps.52724,weak,weak,True
standardized,5,330,https://doi.org/10.4274/tjps.52724,weak,weak,True
standardized,5,331,https://doi.org/10.4274/tjps.52724,weak,moderate,False
standardized,5,336,https://doi.org/10.1016/j.micpath.2024.106546,weak,strong,False
standardized,5,337,https://doi.org/10.1016/j.micpath.2024.106546,weak,strong,False
standardized,5,338,https://doi.org/10.1016/j.micpath.2024.106546,weak,strong,False
standardized,5,339,https://doi.org/10.1016/j.micpath.2024.106546,weak,weak,True
coral,5,6,https://doi.org/10.1016/j.saa.2012.01.011,moderate,strong,False
coral,5,7,https://doi.org/10.1016/j.saa.2012.01.011,moderate,strong,False
coral,5,8,https://doi.org/10.1016/j.saa.2012.01.011,moderate,strong,False
coral,5,9,https://doi.org/10.1016/j.saa.2012.01.011,weak,strong,False
coral,5,10,https://doi.org/10.1016/j.saa.2012.01.011,moderate,strong,False
coral,5,68,https://link.springer.com/article/10.1007/s13204-015-0460-4,moderate,moderate,True
coral,5,69,https://link.springer.com/article/10.1007/s13204-015-0460-4,moderate,moderate,True
coral,5,72,https://doi.org/10.1016/j.jallcom.2021.163073,weak,weak,True
coral,5,73,https://doi.org/10.1016/j.jallcom.2021.163073,moderate,moderate,True
coral,5,74,https://doi.org/10.1016/j.jallcom.2021.163073,weak,weak,True
coral,5,75,https://doi.org/10.1016/j.jallcom.2021.163073,moderate,weak,False
coral,5,76,https://doi.org/10.1016/j.jallcom.2021.163073,weak,moderate,False
coral,5,77,https://doi.org/10.1016/j.jallcom.2021.163073,moderate,moderate,True
coral,5,78,https://doi.org/10.1016/j.jallcom.2021.163073,moderate,weak,False
coral,5,79,https://doi.org/10.1016/j.jallcom.2021.163073,moderate,weak,False
coral,5,80,https://doi.org/10.1016/j.jallcom.2021.163073,moderate,moderate,True
coral,5,81,https://doi.org/10.1016/j.jallcom.2021.163073,moderate,moderate,True
coral,5,82,https://doi.org/10.1016/j.jallcom.2021.163073,moderate,weak,False
coral,5,83,https://doi.org/10.1016/j.jallcom.2021.163073,moderate,weak,False
coral,5,141,https://doi.org/10.1038/s41598-022-18379-2,moderate,weak,False
coral,5,186,10.3390/jfb14020112,strong,weak,False
coral,5,187,10.3390/jfb14020112,moderate,weak,False
coral,5,188,10.3390/jfb14020112,strong,weak,False
coral,5,189,10.3390/jfb14020112,strong,weak,False
coral,5,209,10.1007/s00430-017-0525-y,weak,weak,True
coral,5,210,10.1007/s00430-017-0525-y,weak,weak,True
coral,5,211,10.1007/s00430-017-0525-y,weak,weak,True
coral,5,212,10.1007/s00430-017-0525-y,weak,weak,True
coral,5,213,10.1007/s00430-017-0525-y,weak,moderate,False
coral,5,214,10.1007/s00430-017-0525-y,weak,moderate,False
coral,5,215,10.1007/s00430-017-0525-y,weak,moderate,False
coral,5,216,10.1007/s00430-017-0525-y,weak,moderate,False
coral,5,217,"10.1049/iet-nbt.2014.0068
www.ietdl.org",moderate,weak,False
coral,5,218,"10.1049/iet-nbt.2014.0068
www.ietdl.org",moderate,weak,False
coral,5,219,"10.1049/iet-nbt.2014.0068
www.ietdl.org",moderate,weak,False
coral,5,220,"10.1049/iet-nbt.2014.0068
www.ietdl.org",strong,weak,False
coral,5,221,"10.1049/iet-nbt.2014.0068
www.ietdl.org",moderate,moderate,True
coral,5,222,"10.1049/iet-nbt.2014.0068
www.ietdl.org",moderate,moderate,True
coral,5,223,"10.1049/iet-nbt.2014.0068
www.ietdl.org",strong,moderate,False
coral,5,224,"10.1049/iet-nbt.2014.0068
www.ietdl.org",strong,moderate,False
coral,5,225,"10.1049/iet-nbt.2014.0068
www.ietdl.org",strong,moderate,False
coral,5,226,"10.1049/iet-nbt.2014.0068
www.ietdl.org",moderate,moderate,True
coral,5,227,"10.1049/iet-nbt.2014.0068
www.ietdl.org",moderate,moderate,True
coral,5,228,"10.1049/iet-nbt.2014.0068
www.ietdl.org",strong,moderate,False
coral,5,273,10.2147/IJN.S258319,moderate,weak,False
coral,5,274,10.2147/IJN.S258319,weak,weak,True
coral,5,275,10.2147/IJN.S258319,moderate,weak,False
coral,5,276,10.2147/IJN.S258319,moderate,weak,False
coral,5,277,10.2147/IJN.S258319,strong,weak,False
coral,5,278,10.2147/IJN.S258319,strong,weak,False
coral,5,279,10.2147/IJN.S258319,moderate,weak,False
coral,5,280,10.2147/IJN.S258319,strong,weak,False
coral,5,281,10.2147/IJN.S258319,weak,weak,True
coral,5,282,10.1038/s41598-020-64127-9,weak,weak,True
coral,5,283,10.1038/s41598-020-64127-9,weak,weak,True
coral,5,284,10.1038/s41598-020-64127-9,weak,weak,True
coral,5,287,10.1038/s41598-021-85584-,strong,weak,False
coral,5,288,10.1038/s41598-021-85584-,strong,weak,False
coral,5,310,https://doi.org/10.1038/s41598-019-42112-1,strong,moderate,False
coral,5,311,https://doi.org/10.1038/s41598-019-42112-1,moderate,moderate,True
coral,5,328,https://doi.org/10.4274/tjps.52724,weak,weak,True
coral,5,329,https://doi.org/10.4274/tjps.52724,weak,weak,True
coral,5,330,https://doi.org/10.4274/tjps.52724,weak,weak,True
coral,5,331,https://doi.org/10.4274/tjps.52724,weak,weak,True
coral,5,336,https://doi.org/10.1016/j.micpath.2024.106546,weak,weak,True
coral,5,337,https://doi.org/10.1016/j.micpath.2024.106546,weak,weak,True
coral,5,338,https://doi.org/10.1016/j.micpath.2024.106546,weak,weak,True
coral,5,339,https://doi.org/10.1016/j.micpath.2024.106546,weak,weak,True
