Ref,fold,n_rows,size_bucket,n_observed_classes,actual_moderate,actual_strong,actual_weak,coral_accuracy,coral_macro_f1,standardized_accuracy,standardized_macro_f1,uncorrected_accuracy,uncorrected_macro_f1,coral_minus_uncorrected_accuracy,coral_minus_standardized_accuracy,coral_minus_uncorrected_macro_f1,coral_minus_standardized_macro_f1
10.1007/s11274-019-2787-6,1,3,2-4 rows,2,2,0,1,0.3333333333333333,0.16666666666666666,0.3333333333333333,0.16666666666666666,0.0,0.0,0.3333333333333333,0.0,0.16666666666666666,0.0
10.1007/s12010-022-04120-2,1,4,2-4 rows,2,2,2,0,0.0,0.0,0.5,0.2222222222222222,0.25,0.16666666666666666,-0.25,-0.5,-0.16666666666666666,-0.2222222222222222
10.1016/j.jtumed.2022.10.006,1,1,1 row (CORAL identity fallback),1,1,0,0,0.0,0.0,1.0,0.3333333333333333,0.0,0.0,0.0,-1.0,0.0,-0.3333333333333333
10.1038/s41598-020-73497-z,1,2,2-4 rows,1,0,0,2,1.0,0.3333333333333333,0.5,0.2222222222222222,0.5,0.2222222222222222,0.5,0.5,0.1111111111111111,0.1111111111111111
10.1088/1748-605X/acd03f,1,8,5+ rows,1,0,0,8,0.875,0.3111111111111111,1.0,0.3333333333333333,0.625,0.25641025641025644,0.25,-0.125,0.05470085470085467,-0.0222222222222222
10.1186/s12866-023-02971-1,1,6,5+ rows,2,2,0,4,0.6666666666666666,0.3333333333333333,0.0,0.0,0.6666666666666666,0.26666666666666666,0.0,0.6666666666666666,0.06666666666666665,0.3333333333333333
10.1590/0103-6440202003897,1,10,5+ rows,2,2,8,0,0.1,0.08333333333333333,0.0,0.0,0.4,0.26666666666666666,-0.30000000000000004,0.1,-0.18333333333333335,0.08333333333333333
https://doi.org/10.1007/s11274-017-2406-3,1,5,5+ rows,2,3,0,2,0.6,0.38888888888888884,0.2,0.2222222222222222,0.4,0.19047619047619047,0.19999999999999996,0.39999999999999997,0.19841269841269837,0.16666666666666663
https://doi.org/10.1016/j.heliyon.2023.e15265,1,4,2-4 rows,1,0,4,0,0.25,0.13333333333333333,0.0,0.0,0.5,0.2222222222222222,-0.25,0.25,-0.08888888888888888,0.13333333333333333
https://doi.org/10.1016/j.jrras.2015.10.002,1,2,2-4 rows,1,0,0,2,0.0,0.0,0.0,0.0,1.0,0.3333333333333333,-1.0,0.0,-0.3333333333333333,0.0
https://doi.org/10.1515/ntrev-2016-0064,1,2,2-4 rows,2,1,0,1,0.5,0.2222222222222222,0.5,0.2222222222222222,0.5,0.2222222222222222,0.0,0.0,0.0,0.0
https://doi.org/10.3390/molecules29133027,1,4,2-4 rows,1,0,4,0,0.0,0.0,0.0,0.0,0.5,0.2222222222222222,-0.5,0.0,-0.2222222222222222,0.0
https://onlinelibrary.wiley.com/doi/epdf/10.1002/cbdv.202400724,1,18,5+ rows,2,8,10,0,0.0,0.0,0.3888888888888889,0.2222222222222222,0.1111111111111111,0.13468013468013468,-0.1111111111111111,-0.3888888888888889,-0.13468013468013468,-0.2222222222222222
10.1007/s00203-023-03497-w,2,3,2-4 rows,2,1,2,0,0.0,0.0,0.3333333333333333,0.2222222222222222,0.3333333333333333,0.16666666666666666,-0.3333333333333333,-0.3333333333333333,-0.16666666666666666,-0.2222222222222222
10.1007/s42770-022-00868-1,2,11,5+ rows,3,4,6,1,0.09090909090909091,0.05555555555555555,0.2727272727272727,0.20634920634920637,0.2727272727272727,0.25925925925925924,-0.1818181818181818,-0.1818181818181818,-0.2037037037037037,-0.1507936507936508
10.1016/j.jdent.2020.103327,2,1,1 row (CORAL identity fallback),1,1,0,0,1.0,0.3333333333333333,1.0,0.3333333333333333,1.0,0.3333333333333333,0.0,0.0,0.0,0.0
10.1016/j.micpath.2017.07.009,2,2,2-4 rows,1,2,0,0,0.0,0.0,0.5,0.2222222222222222,0.0,0.0,0.0,-0.5,0.0,-0.2222222222222222
10.3390/plants12112177,2,5,5+ rows,2,3,2,0,0.0,0.0,0.2,0.1111111111111111,0.6,0.25,-0.6,-0.2,-0.25,-0.1111111111111111
http://dx.doi.org/10.1016/j.colsurfb.2015.02.009,2,2,2-4 rows,1,0,2,0,0.0,0.0,0.0,0.0,0.0,0.0,0.0,0.0,0.0,0.0
http://dx.doi.org/10.1016/j.ijantimicag.2015.03.014,2,4,2-4 rows,1,0,4,0,0.0,0.0,0.0,0.0,0.0,0.0,0.0,0.0,0.0,0.0
https://doi.org/10.1002/jbm.b.35197,2,16,5+ rows,1,0,0,16,0.0,0.0,0.125,0.07407407407407407,0.0,0.0,0.0,-0.125,0.0,-0.07407407407407407
https://doi.org/10.1016/j.saa.2012.12.083,2,6,5+ rows,2,4,2,0,0.16666666666666666,0.13333333333333333,0.3333333333333333,0.19047619047619047,0.0,0.0,0.16666666666666666,-0.16666666666666666,0.13333333333333333,-0.057142857142857134
https://doi.org/10.1016/j.talanta.2019.120243,2,3,2-4 rows,1,0,0,3,1.0,0.3333333333333333,0.0,0.0,0.0,0.0,1.0,1.0,0.3333333333333333,0.3333333333333333
https://doi.org/10.1038/s41598-018-34567-5,2,8,5+ rows,1,0,0,8,0.0,0.0,0.5,0.2222222222222222,0.0,0.0,0.0,-0.5,0.0,-0.2222222222222222
https://doi.org/10.3390/antibiotics12020201,2,3,2-4 rows,1,3,0,0,0.0,0.0,0.0,0.0,0.3333333333333333,0.16666666666666666,-0.3333333333333333,0.0,-0.16666666666666666,0.0
https://pubs.acs.org/doi/10.1021/acsabm.3c00090,2,5,5+ rows,1,0,5,0,0.4,0.19047619047619047,0.0,0.0,0.0,0.0,0.4,0.4,0.19047619047619047,0.19047619047619047
10.1016/j.chemosphere.2021.132676,3,16,5+ rows,2,5,0,11,0.3125,0.15873015873015872,0.875,0.5696969696969697,0.4375,0.2028985507246377,-0.125,-0.5625,-0.04416839199447897,-0.410966810966811
10.1111/1751-7915.12374,3,3,2-4 rows,1,0,0,3,1.0,0.3333333333333333,0.3333333333333333,0.16666666666666666,1.0,0.3333333333333333,0.0,0.6666666666666667,0.0,0.16666666666666666
10.3390/jof9020133,3,2,2-4 rows,1,2,0,0,1.0,0.3333333333333333,1.0,0.3333333333333333,0.0,0.0,1.0,0.0,0.3333333333333333,0.0
DOI:10.1590/s1517-83822014000400024,3,4,2-4 rows,1,4,0,0,0.0,0.0,0.5,0.2222222222222222,0.5,0.2222222222222222,-0.5,-0.5,-0.2222222222222222,-0.2222222222222222
https://doi.org/10.1016/j.sjbs.2017.07.001,3,5,5+ rows,2,1,0,4,0.8,0.2962962962962963,0.0,0.0,0.0,0.0,0.8,0.8,0.2962962962962963,0.2962962962962963
https://doi.org/10.1038/s41598-017-18590-6,3,10,5+ rows,1,0,0,10,0.9,0.3157894736842105,0.1,0.06060606060606061,0.0,0.0,0.9,0.8,0.3157894736842105,0.2551834130781499
https://doi.org/10.1038/s41598-024-62868-5,3,2,2-4 rows,1,0,2,0,0.0,0.0,0.0,0.0,0.0,0.0,0.0,0.0,0.0,0.0
https://doi.org/10.1039/c8tx00267c,3,4,2-4 rows,1,0,0,4,1.0,0.3333333333333333,0.5,0.2222222222222222,1.0,0.3333333333333333,0.0,0.5,0.0,0.1111111111111111
https://doi.org/10.1111/jfd.14003,3,1,1 row (CORAL identity fallback),1,0,0,1,0.0,0.0,0.0,0.0,0.0,0.0,0.0,0.0,0.0,0.0
https://doi.org/10.1186/s13568-024-01707-2,3,7,5+ rows,2,4,0,3,0.42857142857142855,0.19999999999999998,0.14285714285714285,0.1111111111111111,0.0,0.0,0.42857142857142855,0.2857142857142857,0.19999999999999998,0.08888888888888888
https://doi.org/10.3390/antiox13070865,3,8,5+ rows,2,3,0,5,0.625,0.25641025641025644,0.125,0.1111111111111111,0.0,0.0,0.625,0.5,0.25641025641025644,0.14529914529914534
Â 10.1016/j.jbiotec.2021.11.003,3,2,2-4 rows,2,1,1,0,0.0,0.0,0.5,0.3333333333333333,0.0,0.0,0.0,-0.5,0.0,-0.3333333333333333
Â 10.1021/acsinfecdis.4c00860,3,4,2-4 rows,1,0,4,0,0.0,0.0,1.0,0.3333333333333333,0.0,0.0,0.0,-1.0,0.0,-0.3333333333333333
10.1007/s12088-013-0437-5,4,6,5+ rows,1,0,0,6,1.0,0.3333333333333333,1.0,0.3333333333333333,0.0,0.0,1.0,0.0,0.3333333333333333,0.0
10.1021/acsomega.2c06789,4,12,5+ rows,2,2,0,10,0.8333333333333334,0.30303030303030304,0.8333333333333334,0.30303030303030304,0.5833333333333334,0.33053221288515405,0.25,0.0,-0.027501909854851014,0.0
10.1038/s41598-024-82332-8,4,2,2-4 rows,1,0,2,0,0.0,0.0,0.0,0.0,0.0,0.0,0.0,0.0,0.0,0.0
10.1080/21691401.2023.2268167,4,3,2-4 rows,1,0,3,0,0.0,0.0,0.0,0.0,0.0,0.0,0.0,0.0,0.0,0.0
10.14202/vetworld.2023.1301-1311,4,14,5+ rows,3,11,2,1,0.07142857142857142,0.044444444444444446,0.07142857142857142,0.044444444444444446,0.07142857142857142,0.05555555555555555,0.0,0.0,-0.011111111111111106,0.0
DOI: 10.1002/smll.202104160,4,4,2-4 rows,1,4,0,0,0.0,0.0,0.5,0.2222222222222222,0.75,0.2857142857142857,-0.75,-0.5,-0.2857142857142857,-0.2222222222222222
https://doi.org/10.1016/j.sdentj.2018.10.004,4,4,2-4 rows,1,4,0,0,0.0,0.0,1.0,0.3333333333333333,1.0,0.3333333333333333,-1.0,-1.0,-0.3333333333333333,-0.3333333333333333
https://doi.org/10.1038/s41598-019-50906-6,4,2,2-4 rows,1,2,0,0,0.0,0.0,1.0,0.3333333333333333,0.0,0.0,0.0,-1.0,0.0,-0.3333333333333333
https://doi.org/10.1038/s41598-019-54025-0,4,8,5+ rows,1,0,0,8,0.75,0.2857142857142857,0.0,0.0,0.0,0.0,0.75,0.75,0.2857142857142857,0.2857142857142857
https://doi.org/10.1038/s41598-022-17929-y,4,6,5+ rows,2,4,2,0,0.16666666666666666,0.09523809523809523,0.0,0.0,0.0,0.0,0.16666666666666666,0.16666666666666666,0.09523809523809523,0.09523809523809523
https://doi.org/10.1038/s41598-022-24514-w,4,1,1 row (CORAL identity fallback),1,1,0,0,0.0,0.0,0.0,0.0,0.0,0.0,0.0,0.0,0.0,0.0
https://link.springer.com/article/10.1007/s00449-023-02905-1#Sec21,4,4,2-4 rows,1,0,0,4,1.0,0.3333333333333333,0.5,0.2222222222222222,1.0,0.3333333333333333,0.0,0.5,0.0,0.1111111111111111
https://pubs.rsc.org/en/content/articlelanding/2015/ra/c4ra12784f,4,2,2-4 rows,1,2,0,0,0.0,0.0,0.0,0.0,1.0,0.3333333333333333,-1.0,0.0,-0.3333333333333333,0.0
10.1007/s00430-017-0525-y,5,8,5+ rows,1,0,0,8,0.5,0.2222222222222222,0.875,0.3111111111111111,1.0,0.3333333333333333,-0.5,-0.375,-0.1111111111111111,-0.0888888888888889
10.1038/s41598-020-64127-9,5,3,2-4 rows,1,0,0,3,1.0,0.3333333333333333,0.0,0.0,0.0,0.0,1.0,1.0,0.3333333333333333,0.3333333333333333
10.1038/s41598-021-85584-,5,2,2-4 rows,1,0,2,0,0.0,0.0,0.0,0.0,0.5,0.2222222222222222,-0.5,0.0,-0.2222222222222222,0.0
"10.1049/iet-nbt.2014.0068
www.ietdl.org",5,12,5+ rows,2,7,5,0,0.3333333333333333,0.17777777777777778,0.4166666666666667,0.19607843137254902,0.25,0.14285714285714285,0.08333333333333331,-0.08333333333333337,0.034920634920634935,-0.018300653594771232
10.2147/IJN.S258319,5,9,5+ rows,3,4,3,2,0.2222222222222222,0.12121212121212122,0.2222222222222222,0.12121212121212122,0.2222222222222222,0.12121212121212122,0.0,0.0,0.0,0.0
10.3390/jfb14020112,5,4,2-4 rows,2,1,3,0,0.0,0.0,0.25,0.13333333333333333,0.0,0.0,0.0,-0.25,0.0,-0.13333333333333333
https://doi.org/10.1016/j.jallcom.2021.163073,5,12,5+ rows,2,9,0,3,0.5,0.3238095238095238,0.25,0.13333333333333333,0.4166666666666667,0.3111111111111111,0.08333333333333331,0.25,0.012698412698412709,0.1904761904761905
https://doi.org/10.1016/j.micpath.2024.106546,5,4,2-4 rows,1,0,0,4,1.0,0.3333333333333333,0.25,0.13333333333333333,0.75,0.2857142857142857,0.25,0.75,0.047619047619047616,0.19999999999999998
https://doi.org/10.1016/j.saa.2012.01.011,5,5,5+ rows,2,4,0,1,0.0,0.0,0.8,0.5079365079365079,0.8,0.2962962962962963,-0.8,-0.8,-0.2962962962962963,-0.5079365079365079
https://doi.org/10.1038/s41598-019-42112-1,5,2,2-4 rows,2,1,1,0,0.5,0.2222222222222222,0.5,0.2222222222222222,1.0,0.6666666666666666,-0.5,0.0,-0.4444444444444444,0.0
https://doi.org/10.1038/s41598-022-18379-2,5,1,1 row (CORAL identity fallback),1,1,0,0,0.0,0.0,1.0,0.3333333333333333,0.0,0.0,0.0,-1.0,0.0,-0.3333333333333333
https://doi.org/10.4274/tjps.52724,5,4,2-4 rows,1,0,0,4,1.0,0.3333333333333333,0.5,0.2222222222222222,0.75,0.2857142857142857,0.25,0.5,0.047619047619047616,0.1111111111111111
https://link.springer.com/article/10.1007/s13204-015-0460-4,5,2,2-4 rows,1,2,0,0,1.0,0.3333333333333333,0.0,0.0,0.5,0.2222222222222222,0.5,1.0,0.1111111111111111,0.3333333333333333
