material,fab_method,shape,diameter_nm,height_nm,spacing_nm,aspect_ratio,Ra_nm,Rq_nm,WCA_deg,strain,gram,motility,cell_shape,BE_pct,ref
Ti,Reactive Ion Etching (RIE),pillar,93,1510,503,0.06,202,246,55,P. aeruginosa,-,M,R,32.0,(1)
Ti,Reactive Ion Etching (RIE),pillar,93,1510,503,0.06,202,246,55,S. aureus,+,N,S,12.0,(1)
Ti,Reactive Ion Etching (RIE),pillar,103,1900,451,0.05,258,320,83,P. aeruginosa,-,M,R,68.0,(1)
Ti,Reactive Ion Etching (RIE),pillar,103,1900,451,0.05,258,320,83,S. aureus,+,N,S,37.0,(1)
Ti,Reactive Ion Etching (RIE),pillar,115,2100,688,0.05,322,405,96,P. aeruginosa,-,M,R,68.0,(1)
Ti,Reactive Ion Etching (RIE),pillar,115,2100,688,0.05,322,405,96,S. aureus,+,N,S,4.0,(1)
Ti,Reactive Ion Etching (RIE),pillar,135,2300,593,0.06,286,351,111,P. aeruginosa,-,M,R,87.0,(1)
Ti,Reactive Ion Etching (RIE),pillar,135,2300,593,0.06,286,351,111,S. aureus,+,N,S,15.0,(1)
Ti,Reactive Ion Etching (RIE),pillar,158,3500,1730,0.05,446,567,98,P. aeruginosa,-,M,R,76.0,(1)
Ti,Reactive Ion Etching (RIE),pillar,158,3500,1730,0.05,446,567,98,S. aureus,+,N,S,73.0,(1)
Ti,Reactive Ion Etching (RIE),pillar,,500,,,57,72,18,E.coli,-,M,R,80.0,(2)
Ti,Reactive Ion Etching (RIE),pillar,80,1000,,0.08,186,227,10,E.coli,-,M,R,95.0,(2)
Ti,Reactive Ion Etching (RIE),pillar,80,1000,,0.08,186,227,10,P. aeruginosa,-,M,R,98.0,(2)
Ti,Reactive Ion Etching (RIE),pillar,80,1000,,0.08,186,227,10,S. aureus,+,N,S,22.0,(2)
Ti,Reactive Ion Etching (RIE),pillar,80,1000,,0.08,186,227,10,S. aureus(24h),+,N,S,76.0,(2)
Ti,Reactive Ion Etching (RIE),pillar,80,1000,,0.08,186,227,10,M. smegamatis,+,M,R,92.0,(2)
Ti,Reactive Ion Etching (RIE),pillar,,2000,,,215,269,9,E.coli,-,M,R,95.0,(2)
Ti,Hydrothermal synthesis,wire,52,298,,0.17,,,,S. aureus,+,N,S,54.0,(3)
TiO2,Hydrothermal synthesis,wire,1000,3000,,0.33,,,,P. aeruginosa,-,M,R,40.0,(4)
TiO2,Hydrothermal synthesis,wire,1000,3000,,0.33,,,,B. subtilis,+,M,R,50.0,(4)
TiO2,Hydrothermal synthesis,wire,100,3000,,0.03,,,,S. aureus,+,N,S,0.0,(4)
TiO2,Hydrothermal synthesis,wire,100,3000,,0.03,,,,E.coli,-,M,R,80.0,(4)
TiO2,Hydrothermal synthesis,wire,100,3000,,0.03,,,,E. faecalis,+,M,S,0.0,(4)
TiO2,Hydrothermal synthesis,wire,100,3000,,0.03,,,,K. pneumoniae,-,N,R,5.0,(4)
TiO2,Hydrothermal synthesis,wire,42,307,,0.14,40,,14,S. aureus,+,N,S,54.0,(5)
TiO2,Hydrothermal synthesis,wire,42,307,,0.14,40,,14,P. aeruginosa,-,M,R,25.0,(5)
TiO2,Hydrothermal synthesis,wire,33,1316,,0.03,140,,9,S. aureus,+,N,S,25.0,(5)
TiO2,Hydrothermal synthesis,wire,33,1316,,0.03,140,,9,P. aeruginosa,-,M,R,0.0,(5)
TiO2,Hydrothermal synthesis,wire,17,180,,0.09,149,,36,S. aureus,+,N,S,45.0,(5)
TiO2,Hydrothermal synthesis,wire,17,180,,0.09,149,,36,P. aeruginosa,-,M,R,0.0,(5)
TiO2,Hydrothermal synthesis,wire,18,328,,0.05,27,,7,S. aureus,+,N,S,20.0,(5)
TiO2,Hydrothermal synthesis,wire,18,328,,0.05,27,,7,P. aeruginosa,-,M,R,0.0,(5)
TiO2,Hydrothermal synthesis,wire,21,244,,0.09,51,,91,S. aureus,+,N,S,20.0,(5)
TiO2,Hydrothermal synthesis,wire,21,244,,0.09,51,,91,P. aeruginosa,-,M,R,0.0,(5)
TiO2,Hydrothermal synthesis,wire,154,14796,,0.01,2296,,6,S. aureus,+,N,S,25.0,(5)
TiO2,Hydrothermal synthesis,wire,154,14796,,0.01,2296,,6,P. aeruginosa,-,M,R,0.0,(5)
Ti,Hydrothermal synthesis,wire,30,40,,0.75,401,481,73,P. aeruginosa,-,M,R,47.0,(6)
Ti,Hydrothermal synthesis,wire,30,40,,0.75,401,481,73,S. aureus,+,N,S,19.0,(6)
Ti,Glancing angle sputter deposition (GLAD),pillar,33,478,158,0.07,,26,41,E.coli,-,M,R,60.0,(7)
Ti,Glancing angle sputter deposition (GLAD),pillar,33,478,158,0.07,,26,41,S. aureus,+,N,S,0.0,(7)
Ti,Glancing angle sputter deposition (GLAD),pillar,50,300,150,0.17,,57,102,S. aureus,+,N,S,80.0,(8)
TiO2,"Electrochemical 
anodizing (EA)",pillar,10,2000,2000,0.01,,,0,S. aureus,+,N,S,15.0,(9)
TiO2,"Electrochemical 
anodizing (EA)",pore,55,1000,70,0.06,,,15,S. aureus,+,N,S,23.0,(9)
Ti,Anodization,tube,20,200,,0.10,,10,7,S. aureus,+,N,S,51.0,(10)
Ti,Anodization,tube,20,200,,0.10,,10,7,S. epidermidis,+,N,S,40.0,(10)
Ti,Anodization,tube,40,1200,,0.03,,8,7,S. aureus,+,N,S,52.0,(10)
Ti,Anodization,tube,40,1200,,0.03,,8,7,S. epidermidis,+,N,S,46.0,(10)
Ti,Anodization,tube,60,3600,,0.02,,10,7,S. aureus,+,N,S,54.0,(10)
Ti,Anodization,tube,60,3600,,0.02,,10,7,S. epidermidis,+,N,S,47.0,(10)
Ti,Anodization,tube,80,6500,,0.01,,9,9,S. aureus,+,N,S,58.0,(10)
Ti,Anodization,tube,80,6500,,0.01,,9,9,S. epidermidis,+,N,S,52.0,(10)
Ti,Anodization + heat treatment,tube,20,200,,0.10,,10,1,S. aureus,+,N,S,52.0,(10)
Ti,Anodization + heat treatment,tube,20,200,,0.10,,10,1,S. epidermidis,+,N,S,43.0,(10)
Ti,Anodization + heat treatment,tube,40,1200,,0.03,,8,2,S. aureus,+,N,S,60.0,(10)
Ti,Anodization + heat treatment,tube,40,1200,,0.03,,8,2,S. epidermidis,+,N,S,48.0,(10)
Ti,Anodization + heat treatment,tube,60,3600,,0.02,,10,2,S. aureus,+,N,S,49.0,(10)
Ti,Anodization + heat treatment,tube,60,3600,,0.02,,10,2,S. epidermidis,+,N,S,48.0,(10)
Ti,Anodization + heat treatment,tube,80,6500,,0.01,,9,3,S. aureus,+,N,S,51.0,(10)
Ti,Anodization + heat treatment,tube,80,6500,,0.01,,9,3,S. epidermidis,+,N,S,47.0,(10)
Ti6Al4V,hydrothermally etched,cone,90,348,437,0.26,500,,61,S. aureus,+,N,S,65.0,(11)
Ti6Al4V,hydrothermally etched,cone,90,348,437,0.26,500,,61,P. aeruginosa,-,M,R,98.0,(11)
Ti6Al4V,hydrothermally etched,cone,90,348,437,0.26,500,,61,P. aeruginosa,-,M,R,90.0,(11)
Ti+nano-CeO2,hydrothermal methods,rod,9.6,325,,0.03,,,38,S. sanguinis,+,M,S,60.0,(12)
Ti+nano-CeO2,hydrothermal methods,rod,9.6,325,,0.03,,,38,F. nucleatum,-,N,R,0.0,(12)
Ti+nano-CeO2,hydrothermal methods,cube,57.2,57.2,,1.00,,,38,S. sanguinis,+,M,S,90.0,(12)
Ti+nano-CeO2,hydrothermal methods,cube,57.2,57.2,,1.00,,,38,F. nucleatum,-,N,R,0.0,(12)
Ti+nano-CeO2,hydrothermal methods,octahedra,29.1,29.1,,1.00,,,38,S. sanguinis,+,M,S,90.0,(12)
Ti+nano-CeO2,hydrothermal methods,octahedra,29.1,29.1,,1.00,,,38,F. nucleatum,-,N,R,0.0,(12)
Ti,Hydrothermal etching,pore,22.2,55.5,95.9,0.40,,96.9,,S. aureus,+,N,S,60.0,(13)
Ti,Hydrothermal etching,pore,22.2,55.5,95.9,0.40,,96.9,,C.auris,-,N,S,64.0,(13)
Ti,Hydrothermal etching,pore,20.8,75.4,94.5,0.28,,84.2,,S. aureus,+,N,S,64.0,(13)
Ti,Hydrothermal etching,pore,20.8,75.4,94.5,0.28,,84.2,,C.auris,-,N,S,70.0,(13)
Ti,Hydrothermal etching,pore,24.2,106.4,140.1,0.23,,82.4,,S. aureus,+,N,S,64.0,(13)
Ti,Hydrothermal etching,pore,24.2,106.4,140.1,0.23,,82.4,,C.auris,-,N,S,72.0,(13)
Ti,Hydrothermal etching,pore,40.3,210.1,193.7,0.19,,104.6,,S. aureus,+,N,S,70.0,(13)
Ti,Hydrothermal etching,pore,40.3,210.1,193.7,0.19,,104.6,,C.auris,-,N,S,70.0,(13)
Ti,Reactive Ion Etching (RIE),tube,22,1480,10,0.01,32.89,43.87,24,S. aureus,+,N,S,42.0,(14)
Ti,Reactive Ion Etching (RIE),tube,53,3520,16,0.02,53.6,68.83,10,S. aureus,+,N,S,40.0,(14)
Ti,Reactive Ion Etching (RIE),tube,97,6200,25,0.02,82.53,110.67,7,S. aureus,+,N,S,50.0,(14)
Si,Reactive Ion Etching (RIE),pillar,63,280,62,0.23,10,,8,P. aeruginosa,-,M,R,89.0,(15)
Si,Reactive Ion Etching (RIE),pillar,63,280,62,0.23,10,,8,S. aureus,+,N,S,85.0,(15)
Si,Reactive Ion Etching (RIE),pillar,80,430,100,0.19,29,,12,P. aeruginosa,-,M,R,70.0,(15)
Si,Reactive Ion Etching (RIE),pillar,80,430,100,0.19,29,,12,S. aureus,+,N,S,65.0,(15)
Si,Reactive Ion Etching (RIE),pillar,93,612,140,0.15,66,,10,P. aeruginosa,-,M,R,82.0,(15)
Si,Reactive Ion Etching (RIE),pillar,93,612,140,0.15,66,,10,S. aureus,+,N,S,74.0,(15)
Si,Reactive Ion Etching (RIE),pillar,50,500,,0.10,,,0.8,P. aeruginosa,-,M,R,83.0,(16)
Si,Reactive Ion Etching (RIE),pillar,50,500,,0.10,,,0.8,S. aureus,+,N,S,53.0,(16)
Si,Reactive Ion Etching (RIE),pillar,50,500,,0.10,,,0.8,B. subtilis,+,M,R,90.0,(16)
Si,Reactive Ion Etching (RIE),pillar,50,390,130,0.13,,,0,B. subtilis,+,M,R,65.0,(17)
Si,Reactive Ion Etching (RIE),pillar,70,680,180,0.10,,,0,B. subtilis,+,M,R,75.0,(17)
Si,Reactive Ion Etching (RIE),pillar,220,3580,380,0.06,,,0,B. subtilis,+,M,R,80.0,(17)
Si,Reactive Ion Etching (RIE),pillar,50,390,130,0.13,,,0,P. fluorescens,-,M,R,60.0,(17)
Si,Reactive Ion Etching (RIE),pillar,70,680,180,0.10,,,0,P. fluorescens,-,M,R,70.0,(17)
Si,Reactive Ion Etching (RIE),pillar,220,3580,380,0.06,,,0,P. fluorescens,-,M,R,75.0,(17)
Si,Reactive Ion Etching (RIE),pillar,50,390,130,0.13,,,0,R. capsulatus,-,M,R,60.0,(17)
Si,Reactive Ion Etching (RIE),pillar,70,680,180,0.10,,,0,R. capsulatus,-,M,R,50.0,(17)
Si,Reactive Ion Etching (RIE),pillar,100,1150,280,0.09,,,0,R. capsulatus,-,M,R,65.0,(17)
Si,Reactive Ion Etching (RIE),pillar,170,2480,400,0.07,,,0,R. capsulatus,-,M,R,50.0,(17)
Si,Reactive Ion Etching (RIE),pillar,220,3580,380,0.06,,,0,R. capsulatus,-,M,R,70.0,(17)
Si,Reactive Ion Etching (RIE),pillar,320,4850,490,0.07,,,0,R. capsulatus,-,M,R,75.0,(17)
Si,Reactive Ion Etching (RIE),pillar,490,6670,600,0.07,,,0,R. capsulatus,-,M,R,70.0,(17)
Si,Reactive Ion Etching (RIE),pillar,50,390,130,0.13,,,0,E.coli,-,M,R,35.0,(17)
Si,Reactive Ion Etching (RIE),pillar,70,680,180,0.10,,,0,E.coli,-,M,R,65.0,(17)
Si,Reactive Ion Etching (RIE),pillar,100,1150,280,0.09,,,0,E.coli,-,M,R,45.0,(17)
Si,Reactive Ion Etching (RIE),pillar,170,2480,400,0.07,,,0,E.coli,-,M,R,50.0,(17)
Si,Reactive Ion Etching (RIE),pillar,220,3580,380,0.06,,,0,E.coli,-,M,R,75.0,(17)
Si,Reactive Ion Etching (RIE),pillar,320,4850,490,0.07,,,0,E.coli,-,M,R,70.0,(17)
Si,Reactive Ion Etching (RIE),pillar,490,6670,600,0.07,,,0,E.coli,-,M,R,81.0,(17)
Si H-bD(diamond-coated）,RIE + CVD Diamond coated & Surface terminated,pillar,300,3000,,0.10,,,55,E.coli,-,M,R,33.0,.(18)
Si O-bD(diamond-coated）,RIE + CVD Diamond coated & Surface terminated,pillar,300,3000,,0.10,,,5,E.coli,-,M,R,20.0,.(18)
Si F-bD(diamond-coated）,RIE + CVD Diamond coated & Surface terminated,pillar,300,3000,,0.10,,,137,E.coli,-,M,R,50.0,.(18)
Si NH2-bD(diamond-coated）,RIE + CVD Diamond coated & Surface terminated,pillar,300,3000,,0.10,,,55,E.coli,-,M,R,23.0,.(18)
Si,Plasma etching,pillar,21,212,50,0.10,,,8,S. aureus,+,N,S,90.0,(19)
Si,Plasma etching,pillar,21,212,50,0.10,,,8,P. aeruginosa,-,M,R,84.0,(19)
Si,Plasma etching,pillar,94,475,107,0.20,,,8,S. aureus,+,N,S,95.0,(19)
Si,Plasma etching,pillar,94,475,107,0.20,,,8,P. aeruginosa,-,M,R,90.0,(19)
Si,Plasma etching,pillar,114,610,140,0.19,,,8,S. aureus,+,N,S,70.0,(19)
Si,Plasma etching,pillar,114,610,140,0.19,,,8,P. aeruginosa,-,M,R,90.0,(19)
Si,Plasma etching + PFTE Coated,pillar,21,212,50,0.10,,,160,S. aureus,+,N,S,97.0,(19)
Si,Plasma etching + PFTE Coated,pillar,21,212,50,0.10,,,160,P. aeruginosa,-,M,R,98.0,(19)
Si,Plasma etching + PFTE Coated,pillar,94,475,107,0.20,,,160,S. aureus,+,N,S,90.0,(19)
Si,Plasma etching + PFTE Coated,pillar,94,475,107,0.20,,,160,P. aeruginosa,-,M,R,98.0,(19)
Si,Plasma etching + PFTE Coated,pillar,114,610,140,0.19,,,160,S. aureus,+,N,S,80.0,(19)
Si,Plasma etching + PFTE Coated,pillar,114,610,140,0.19,,,160,P. aeruginosa,-,M,R,85.0,(19)
Si,MacEtch,pillar,100,1100,220,0.09,,,,E.coli,-,M,R,60.0,(20)
PET,NL + Plasma etching,cone,54,352,200,0.15,,,70,E.coli,-,M,R,20.0,(21)
PET,NL + Plasma etching,cone,54,352,200,0.15,,,70,K. pneumoniae,-,N,R,20.0,(21)
PET,NL + Plasma etching,cone,33,388,200,0.09,,,70,E.coli,-,M,R,24.0,(21)
PET,NL + Plasma etching,cone,33,388,200,0.09,,,70,K. pneumoniae,-,N,R,27.0,(21)
PET,NL + Plasma etching,cone,22,498,200,0.04,,,70,E.coli,-,M,R,30.0,(21)
PET,NL + Plasma etching,cone,22,498,200,0.04,,,70,K. pneumoniae,-,N,R,30.0,(21)
PET,NL + Plasma etching,cone,304,419,500,0.73,,,75,E.coli,-,M,R,10.0,(21)
PET,NL + Plasma etching,cone,304,419,500,0.73,,,75,K. pneumoniae,-,N,R,10.0,(21)
PET,NL + Plasma etching,cone,280,456,500,0.61,,,75,E.coli,-,M,R,12.0,(21)
PET,NL + Plasma etching,cone,280,456,500,0.61,,,75,K. pneumoniae,-,N,R,15.0,(21)
PET,NL + Plasma etching,cone,193,529,500,0.36,,,75,E.coli,-,M,R,14.0,(21)
PET,NL + Plasma etching,cone,193,529,500,0.36,,,75,K. pneumoniae,-,N,R,16.0,(21)
CaP,hydrothermal methods,wire,80,1150,300,0.07,,,,P. aeruginosa,-,M,R,70.0,(22)
CaP,hydrothermal methods,cone,60,640,100,0.09,,,,P. aeruginosa,-,M,R,60.0,(22)
Si,deep UV immersion lithography,pillar,35,220,90,0.16,,,,P. aeruginosa,-,M,R,53.0,(23)
Si,deep UV immersion lithography,pillar,35,220,90,0.16,,,,S. aureus,+,N,S,58.0,(23)
Si,deep UV immersion lithography,pillar,35,360,90,0.10,,,,P. aeruginosa,-,M,R,95.0,(23)
Si,deep UV immersion lithography,pillar,35,360,90,0.10,,,,S. aureus,+,N,S,83.0,(23)
Si,deep UV immersion lithography,pillar,35,420,90,0.08,,,,P. aeruginosa,-,M,R,89.0,(23)
Si,deep UV immersion lithography,pillar,35,420,90,0.08,,,,S. aureus,+,N,S,77.0,(23)
polycarbonate (PC),hot-press molding,pillar,122.9,863.7,441.5,0.14,,,,P. aeruginosa,-,M,R,93.8,(24)
polycarbonate (PC),hot-press molding,pillar,122.9,863.7,441.5,0.14,,,,S. aureus,+,N,S,62.0,(24)
TiO2,hydrothermal,wire,25.1,1000,,0.03,,,,P. aeruginosa,-,M,R,58.0,(25)
TiO2,hydrothermal,wire,25.1,1000,,0.03,,,,P. aeruginosa（30h）,-,M,R,30.0,(25)
TiO2  -PDMS,double casting,lozenges,7.28,,5,,,,93.65,E.coli,-,M,R,67.0,(26)
TiO2-PDMS,double casting,squares,5.41,,4.82,,,,93.65,E.coli,-,M,R,80.0,(26)
Ti-OH,alkali-heat treatment,pore,300,,300,,0.69,,20,S. aureus,+,N,S,0.0,(27)
Ti-OH,alkali-heat treatment,pore,300,,300,,0.69,,20,P. gingivalis,-,N,R,0.0,(27)
Ti-PAA-NCl,alkali-heat treatment,pore,200,,200,,0.75,,43.21,S. aureus,+,N,S,64.0,(27)
Ti-PAA-NCl,alkali-heat treatment,pore,200,,200,,0.75,,43.21,P. gingivalis,-,N,R,42.0,(27)
Ti,Low-Temperature Hydrothermal Synthesis,wire-cluster,23.73,289,,0.08,,,0,S. aureus,+,N,S,20.97,(28)
Ti,Low-Temperature Hydrothermal Synthesis,wire-cluster,23.73,289,,0.08,,,0,E.coli,-,M,R,95.79,(28)
Ti,Low-Temperature Hydrothermal Synthesis,wire/sheet-cluster,23.01,585,,0.04,,,0,S. aureus,+,N,S,69.82,(28)
Ti,Low-Temperature Hydrothermal Synthesis,wire/sheet-cluster,23.01,585,,0.04,,,0,E.coli,-,M,R,98.6,(28)
Ti,Low-Temperature Hydrothermal Synthesis,sheet cluster,69.1,1069,,0.06,,,0,S. aureus,+,N,S,3.52,(28)
Ti,Low-Temperature Hydrothermal Synthesis,sheet cluster,69.1,1069,,0.06,,,0,E.coli,-,M,R,71.67,(28)
Ti,hydrothermal etching,sheet,90,155,158.1,0.58,,,44.1,P. aeruginosa,-,M,R,96.6,(29)
Ti,hydrothermal etching,sheet,90,155,158.1,0.58,,,44.1,S. aureus,+,N,S,24.5,(29)
Ti,hydrothermal etching,sheet,92,,185.7,,,,40.1,P. aeruginosa,-,M,R,98.6,(29)
Ti,hydrothermal etching,sheet,92,,185.7,,,,40.1,S. aureus,+,N,S,36.4,(29)
Ti,hydrothermal etching,sheet,90,,213.2,,,,34.1,P. aeruginosa,-,M,R,98.7,(29)
Ti,hydrothermal etching,sheet,90,,213.2,,,,34.1,S. aureus,+,N,S,21.1,(29)
Ti,hydrothermal etching,sheet,115,,229.4,,,,20,P. aeruginosa,-,M,R,100.0,(29)
Ti,hydrothermal etching,sheet,115,,229.4,,,,20,S. aureus,+,N,S,65.5,(29)
Ti,hydrothermal etching,sheet,120,,250,,,,21,P. aeruginosa,-,M,R,99.3,(29)
Ti,hydrothermal etching,sheet,120,,250,,,,21,S. aureus,+,N,S,71.4,(29)
Ti,hydrothermal etching,sheet,125,,316.2,,,,22,P. aeruginosa,-,M,R,98.8,(29)
Ti,hydrothermal etching,sheet,125,,316.2,,,,22,S. aureus,+,N,S,87.4,(29)
Ti,hydrothermal etching,sheet,124,,301.5,,,,15.5,P. aeruginosa,-,M,R,99.48,(29)
Ti,hydrothermal etching,sheet,124,,301.5,,,,15.5,S. aureus,+,N,S,71.35,(29)
Ti,hydrothermal etching,sheet,180,,333.3,,,,13.2,P. aeruginosa,-,M,R,40.7,(29)
Ti,hydrothermal etching,sheet,180,,333.3,,,,13.2,S. aureus,+,N,S,2.5,(29)
Si,metal-assisted chemical etching,cone,,1850,750,,,600,67.08,E.coli,-,M,R,55.0,(30)
Si,metal-assisted chemical etching,cone,,1850,750,,,600,67.08,B. subtilis,+,M,R,75.0,(30)
Si,electron beam induced deposition (EBID),pillar,28,21,40,1.33,,,,E.coli,-,M,R,0.0,(31)
Si,electron beam induced deposition (EBID),pillar,122,183,300,0.67,,,,E.coli,-,M,R,15.0,(31)
Si,electron beam induced deposition (EBID),pillar,124,188,299,0.66,,,,E.coli,-,M,R,8.0,(31)
Si,electron beam induced deposition (EBID),pillar,126,94,300,1.34,,,,E.coli,-,M,R,18.0,(31)
ZnO,hydrothermal growth,cone,47.78,1210,,0.04,,,,P. aeruginosa,-,M,R,85.0,(32)
ZnO,hydrothermal growth,cone,78.9,2250,,0.04,,,,P. aeruginosa,-,M,R,98.0,(32)
ZnO,hydrothermal growth,cone,125.63,3160,,0.04,,,,P. aeruginosa,-,M,R,82.0,(32)
polyethylene glycol dimethacrylate (PEGDMA),photopolymerization,pillar,500,500,500,1.00,,,52,E.coli,-,M,R,99.5,(33)
polyethylene glycol dimethacrylate (PEGDMA),photopolymerization,pillar,500,500,500,1.00,,,52,B. subtilis,+,M,R,98.9,(33)
ethyl acetate-polyDVBAPS,photopolymerization,cone,100,400,450,0.25,,,1.9,P. aeruginosa,-,M,R,98.0,(34)
ethyl acetate-polyDVBAPS,photopolymerization,cone,100,400,450,0.25,,,1.9,E.coli,-,M,R,98.0,(34)
ethyl acetate-polyDVBAPS,photopolymerization,cone,100,400,450,0.25,,,15.8,P. aeruginosa,-,M,R,98.0,(34)
ethyl acetate-polyDVBAPS,photopolymerization,cone,100,400,450,0.25,,,15.8,E.coli,-,M,R,98.0,(34)
ethyl acetate-polyDVBAPS,photopolymerization,cone,100,400,450,0.25,,,4.5,P. aeruginosa,-,M,R,98.0,(34)
ethyl acetate-polyDVBAPS,photopolymerization,cone,100,400,450,0.25,,,4.5,E.coli,-,M,R,98.0,(34)
Ti,electrochemical characterization,tube,70,550,70,0.13,,,52,E.coli,-,M,R,5.0,(35)
Ti,electrochemical characterization,tube,70,550,70,0.13,,,52,S. aureus,+,N,S,10.0,(35)
Ti,electrochemical characterization,tube,70,550,70,0.13,,,52,E.faecalis,+,N,S,5.0,(35)
Ti,electrochemical characterization,tube,70,550,70,0.13,,,52,P. aeruginosa,-,M,R,4.0,(35)
Ti,electrochemical characterization,tube,70,550,70,0.13,,,52,B. subtilis,+,M,R,4.0,(35)
Ti,electrochemical characterization,tube,70,550,70,0.13,,,14,E.coli,-,M,R,55.0,(35)
Ti,electrochemical characterization,tube,70,550,70,0.13,,,14,S. aureus,+,N,S,58.0,(35)
Ti,electrochemical characterization,tube,70,550,70,0.13,,,14,E.faecalis,+,N,S,50.0,(35)
Ti,electrochemical characterization,tube,70,550,70,0.13,,,14,P. aeruginosa,-,M,R,25.0,(35)
Ti,electrochemical characterization,tube,70,550,70,0.13,,,14,B. subtilis,+,M,R,58.0,(35)
Ti,electrochemical characterization,tube,70,550,70,0.13,,,42,E.coli,-,M,R,62.0,(35)
Ti,electrochemical characterization,tube,70,550,70,0.13,,,42,S. aureus,+,N,S,64.0,(35)
Ti,electrochemical characterization,tube,70,550,70,0.13,,,42,E.faecalis,+,N,S,60.0,(35)
Ti,electrochemical characterization,tube,70,550,70,0.13,,,42,P. aeruginosa,-,M,R,40.0,(35)
Ti,electrochemical characterization,tube,70,550,70,0.13,,,42,B. subtilis,+,M,R,65.0,(35)
Ti,hydrothermal treatment,cone,,300,,,,,,P. aeruginosa,-,M,R,74.0,(36)
Ti,hydrothermal treatment,cone,,300,,,,,,S. aureus,+,N,S,12.0,(36)
Ti,hydrothermal treatment,cone,,1125,,,,,,P. aeruginosa,-,M,R,76.0,(36)
Ti,hydrothermal treatment,cone,,1125,,,,,,S. aureus,+,N,S,51.0,(36)
Pd,hydrothermal method,cube,10,10,,1.00,,,,S. aureus,+,N,S,100.0,(37)
Pd,hydrothermal method,cube,10,10,,1.00,,,,E.coli,-,M,R,95.0,(37)
Pd,hydrothermal method,octahedral,10,10,,1.00,,,,S. aureus,+,N,S,80.0,(37)
Pd,hydrothermal method,octahedral,10,10,,1.00,,,,E.coli,-,M,R,98.0,(37)
PS-b-P2VP,self-assembly,pillar,66.05,27.5,,2.40,3,,,E.coli,-,M,R,80.0,(38)
PS-b-P2VP,self-assembly,pillar,66.05,27.5,,2.40,3,,,S. aureus,+,N,S,5.0,(38)
PS-b-P2VP,self-assembly,pillar,88.45,40.3,,2.19,4,,,E.coli,-,M,R,95.0,(38)
PS-b-P2VP,self-assembly,pillar,88.45,40.3,,2.19,4,,,S. aureus,+,N,S,20.0,(38)
Si,ultraviolet nanoimprint lithography,pillar,55,163,170,3.00,,,73.7,E.coli,-,M,R,64.0,(39)
Si,ultraviolet nanoimprint lithography,pillar,77,205,200,2.70,,,73.7,E.coli,-,M,R,79.0,(39)
Si,ultraviolet nanoimprint lithography,pillar,174,272,400,1.60,,,73.7,E.coli,-,M,R,8.0,(39)
Si,ultraviolet nanoimprint lithography,pillar,178,285,500,1.60,,,73.7,E.coli,-,M,R,5.0,(39)
Si,ultraviolet nanoimprint lithography,pillar,41,145,170,3.50,,,83.7,E.coli,-,M,R,82.0,(39)
Si,ultraviolet nanoimprint lithography,pillar,65,195,200,3.00,,,83.7,E.coli,-,M,R,50.8,(39)
Si,ultraviolet nanoimprint lithography,pillar,168,247,400,1.50,,,83.7,E.coli,-,M,R,18.0,(39)
Si,ultraviolet nanoimprint lithography,pillar,171,243,500,1.40,,,83.7,E.coli,-,M,R,5.0,(39)
Si,ultraviolet nanoimprint lithography,pillar,72,166,170,2.30,,,74,E.coli,-,M,R,20.0,(39)
Si,ultraviolet nanoimprint lithography,pillar,82,211,200,2.60,,,74,E.coli,-,M,R,7.0,(39)
Si,ultraviolet nanoimprint lithography,pillar,181,256,400,1.40,,,74,E.coli,-,M,R,12.0,(39)
Si,ultraviolet nanoimprint lithography,pillar,185,277,500,1.50,,,74,E.coli,-,M,R,6.0,(39)
Si,ultraviolet nanoimprint lithography,pillar,67,192,170,2.80,,,74,E.coli,-,M,R,8.0,(39)
Si,ultraviolet nanoimprint lithography,pillar,90,210,200,2.30,,,74,E.coli,-,M,R,5.0,(39)
Si,ultraviolet nanoimprint lithography,pillar,185,260,400,1.40,,,74,E.coli,-,M,R,11.0,(39)
Si,ultraviolet nanoimprint lithography,pillar,186,264,500,1.40,,,74,E.coli,-,M,R,10.0,(39)
PS-block-PMMA,Atomic Layer Deposition (ALD),pillar,44,11,66,4.00,2.8,,51,E.coli,-,M,R,95.0,(40)
TiO2,Atomic Layer Deposition (ALD),pillar,46,14,66,3.29,5.5,,52,E.coli,-,M,R,95.0,(40)
PS-block-PMMA,Atomic Layer Deposition (ALD),pillar,44,11,66,4.00,2.8,,51,L. monocytogenes,+,M,R,5.8,(40)
TiO2,Atomic Layer Deposition (ALD),pillar,46,14,66,3.29,5.5,,52,L. monocytogenes,+,M,R,69.9,(40)
ZnO,Hydrothermal growth,cone,118,200,,0.59,,,,E.coli,-,M,R,100.0,(41)
ZnO,Hydrothermal growth,cone,118,200,,0.59,,,,S. aureus,+,N,S,100.0,(41)
ZnO,Hydrothermal growth,cone,75.3,200,,0.38,,,,E.coli,-,M,R,100.0,(41)
ZnO,Hydrothermal growth,cone,75.3,200,,0.38,,,,S. aureus,+,N,S,100.0,(41)
ZnO,Hydrothermal growth,pillar,28.5,200,,0.14,,,,E.coli,-,M,R,100.0,(41)
ZnO,Hydrothermal growth,pillar,28.5,200,,0.14,,,,S. aureus,+,N,S,100.0,(41)
Si,ion etching,pillar,50.00,390,130,0.13,,,10,E.coli,-,M,R,33.0,(42)
Si,ion etching,pillar,50.00,390,130,0.13,,,10,R.capsulatus,-,M,S,75.0,(42)
Si,ion etching,cone,220.00,3600,380,0.06,,,10,E.coli,-,M,R,79.0,(42)
Si,ion etching,cone,220.00,3600,380,0.06,,,10,R.capsulatus,-,M,S,82.0,(42)
Si,ion etching,pillar,35,260,90,0.13,,,,S. aureus,+,N,S,80.0,(43)
Si,ion etching,pillar,35,260,90,0.13,,,,P. aeruginosa,-,M,R,89.0,(43)
Si,ion etching,pillar,90,260,90,0.35,,,,S. aureus,+,N,S,97.0,(43)
Si,ion etching,pillar,90,260,90,0.35,,,,P. aeruginosa,-,M,R,98.0,(43)
Ti,ion etching,spike,30,112,185,0.27,,,,E.coli,-,M,R,68.0,(44)
Ti,ion etching,spike,30,112,185,0.27,,,,P. aeruginosa,-,M,R,98.0,(44)
Ti,ion etching,spike,30,112,185,0.27,,,,S. aureus,+,N,S,30.0,(44)
Ti,ion etching,spike,94,185,190,0.51,,,,E.coli,-,M,R,76.0,(44)
Ti,ion etching,spike,94,185,190,0.51,,,,P. aeruginosa,-,M,R,95.0,(44)
Ti,ion etching,spike,94,185,190,0.51,,,,S. aureus,+,N,S,10.0,(44)
Ti,ion etching,spike,62,367,182,0.17,71.4,,7.6,E.coli,-,M,R,80.0,(44)
Ti,ion etching,spike,62,367,182,0.17,71.4,,7.6,P. aeruginosa,-,M,R,98.0,(44)
Ti,ion etching,spike,62,367,182,0.17,71.4,,7.6,S. aureus,+,N,S,55.0,(44)
Ti,ion etching,spike,83,425,224,0.20,,,,E.coli,-,M,R,70.0,(44)
Ti,ion etching,spike,83,425,224,0.20,,,,P. aeruginosa,-,M,R,94.0,(44)
Ti,ion etching,spike,83,425,224,0.20,,,,S. aureus,+,N,S,55.0,(44)
Ti,ion etching,spike,65,122,330,0.53,,,,E.coli,-,M,R,60.0,(44)
Ti,ion etching,spike,65,122,330,0.53,,,,P. aeruginosa,-,M,R,87.0,(44)
Ti,ion etching,spike,65,122,330,0.53,,,,S. aureus,+,N,S,58.0,(44)
Ti,ion etching,spike,71,242,453,0.29,,,,E.coli,-,M,R,50.0,(44)
Ti,ion etching,spike,71,242,453,0.29,,,,P. aeruginosa,-,M,R,84.0,(44)
Ti,ion etching,spike,71,242,453,0.29,,,,S. aureus,+,N,S,28.0,(44)
Ti,ion etching,spike,85,207,500,0.41,,,,E.coli,-,M,R,40.0,(44)
Ti,ion etching,spike,85,207,500,0.41,,,,P. aeruginosa,-,M,R,95.0,(44)
Ti,ion etching,spike,85,207,500,0.41,,,,S. aureus,+,N,S,32.0,(44)
Ti,ion etching,spike,83,340,544,0.24,61.5,,9.7,E.coli,-,M,R,62.0,(44)
Ti,ion etching,spike,83,340,544,0.24,61.5,,9.7,P. aeruginosa,-,M,R,96.0,(44)
Ti,ion etching,spike,83,340,544,0.24,61.5,,9.7,S. aureus,+,N,S,64.0,(44)
Carbon,chemical vapor deposition,tube,10,32000,75,0.0003,,,148.6,P. aeruginosa,-,M,R,100.0,(45)
Carbon,chemical vapor deposition,tube,10,32000,75,0.0003,,,148.6,S. aureus,+,N,S,18.0,(45)
Carbon,chemical vapor deposition,tube,10,32000,75,0.0003,,,147.93,P. aeruginosa,-,M,R,90.0,(45)
Carbon,chemical vapor deposition,tube,10,32000,75,0.0003,,,147.93,S. aureus,+,N,S,17.0,(45)
Carbon,chemical vapor deposition,tube,10,32000,75,0.0003,,,45.5,P. aeruginosa,-,M,R,92.0,(45)
Carbon,chemical vapor deposition,tube,10,32000,75,0.0003,,,45.5,S. aureus,+,N,S,10.0,(45)
Carbon,chemical vapor deposition,tube,10,1000,75,0.0100,,,149.5,P. aeruginosa,-,M,R,75.0,(45)
Carbon,chemical vapor deposition,tube,10,1000,75,0.0100,,,149.5,S. aureus,+,N,S,68.0,(45)
Carbon,chemical vapor deposition,tube,10,1000,75,0.0100,,,137.1,P. aeruginosa,-,M,R,90.0,(45)
Carbon,chemical vapor deposition,tube,10,1000,75,0.0100,,,137.1,S. aureus,+,N,S,85.0,(45)
Carbon,chemical vapor deposition,tube,10,1000,75,0.0100,,,21.4,P. aeruginosa,-,M,R,100.0,(45)
Carbon,chemical vapor deposition,tube,10,1000,75,0.0100,,,21.4,S. aureus,+,N,S,50.0,(45)
,,,,,,,,,,,,,,,
